subject,fuzzer,data_type,time,data
proftpd,aflnet,nodes,0,0.0
proftpd,aflnet,nodes,1,14.0
proftpd,aflnet,nodes,2,14.0
proftpd,aflnet,nodes,3,14.0
proftpd,aflnet,nodes,4,14.0
proftpd,aflnet,nodes,5,16.0
proftpd,aflnet,nodes,6,16.0
proftpd,aflnet,nodes,7,17.0
proftpd,aflnet,nodes,8,17.0
proftpd,aflnet,nodes,9,17.0
proftpd,aflnet,nodes,10,17.0
proftpd,aflnet,nodes,11,17.0
proftpd,aflnet,nodes,12,17.0
proftpd,aflnet,nodes,13,17.0
proftpd,aflnet,nodes,14,17.0
proftpd,aflnet,nodes,15,17.0
proftpd,aflnet,nodes,16,17.0
proftpd,aflnet,nodes,17,17.0
proftpd,aflnet,nodes,18,17.0
proftpd,aflnet,nodes,19,17.0
proftpd,aflnet,nodes,20,17.0
proftpd,aflnet,nodes,21,17.0
proftpd,aflnet,nodes,22,17.0
proftpd,aflnet,nodes,23,17.0
proftpd,aflnet,nodes,24,17.0
proftpd,aflnet,nodes,25,17.0
proftpd,aflnet,nodes,26,17.0
proftpd,aflnet,nodes,27,17.0
proftpd,aflnet,nodes,28,17.0
proftpd,aflnet,nodes,29,17.0
proftpd,aflnet,nodes,30,17.0
proftpd,aflnet,nodes,31,17.0
proftpd,aflnet,nodes,32,17.0
proftpd,aflnet,nodes,33,17.0
proftpd,aflnet,nodes,34,17.0
proftpd,aflnet,nodes,35,17.0
proftpd,aflnet,nodes,36,17.0
proftpd,aflnet,nodes,37,17.0
proftpd,aflnet,nodes,38,17.0
proftpd,aflnet,nodes,39,17.0
proftpd,aflnet,nodes,40,17.0
proftpd,aflnet,nodes,41,17.0
proftpd,aflnet,nodes,42,17.0
proftpd,aflnet,nodes,43,18.0
proftpd,aflnet,nodes,44,18.0
proftpd,aflnet,nodes,45,18.0
proftpd,aflnet,nodes,46,18.0
proftpd,aflnet,nodes,47,18.0
proftpd,aflnet,nodes,48,18.0
proftpd,aflnet,nodes,49,18.0
proftpd,aflnet,nodes,50,18.0
proftpd,aflnet,nodes,51,18.0
proftpd,aflnet,nodes,52,18.0
proftpd,aflnet,nodes,53,18.0
proftpd,aflnet,nodes,54,18.0
proftpd,aflnet,nodes,55,18.0
proftpd,aflnet,nodes,56,18.0
proftpd,aflnet,nodes,57,18.0
proftpd,aflnet,nodes,58,18.0
proftpd,aflnet,nodes,59,19.0
proftpd,aflnet,nodes,60,19.0
proftpd,aflnet,nodes,61,19.0
proftpd,aflnet,nodes,62,19.0
proftpd,aflnet,nodes,63,19.0
proftpd,aflnet,nodes,64,19.0
proftpd,aflnet,nodes,65,19.0
proftpd,aflnet,nodes,66,19.0
proftpd,aflnet,nodes,67,19.0
proftpd,aflnet,nodes,68,19.0
proftpd,aflnet,nodes,69,19.0
proftpd,aflnet,nodes,70,19.0
proftpd,aflnet,nodes,71,19.0
proftpd,aflnet,nodes,72,19.0
proftpd,aflnet,nodes,73,19.0
proftpd,aflnet,nodes,74,19.0
proftpd,aflnet,nodes,75,19.0
proftpd,aflnet,nodes,76,19.0
proftpd,aflnet,nodes,77,19.0
proftpd,aflnet,nodes,78,19.0
proftpd,aflnet,nodes,79,19.0
proftpd,aflnet,nodes,80,19.0
proftpd,aflnet,nodes,81,19.0
proftpd,aflnet,nodes,82,19.0
proftpd,aflnet,nodes,83,19.0
proftpd,aflnet,nodes,84,19.0
proftpd,aflnet,nodes,85,19.0
proftpd,aflnet,nodes,86,19.0
proftpd,aflnet,nodes,87,19.0
proftpd,aflnet,nodes,88,19.0
proftpd,aflnet,nodes,89,19.0
proftpd,aflnet,nodes,90,19.0
proftpd,aflnet,nodes,91,19.0
proftpd,aflnet,nodes,92,19.0
proftpd,aflnet,nodes,93,19.0
proftpd,aflnet,nodes,94,19.0
proftpd,aflnet,nodes,95,19.0
proftpd,aflnet,nodes,96,19.0
proftpd,aflnet,nodes,97,19.0
proftpd,aflnet,nodes,98,19.0
proftpd,aflnet,nodes,99,19.0
proftpd,aflnet,nodes,100,19.0
proftpd,aflnet,nodes,101,19.0
proftpd,aflnet,nodes,102,19.0
proftpd,aflnet,nodes,103,19.0
proftpd,aflnet,nodes,104,19.0
proftpd,aflnet,nodes,105,19.0
proftpd,aflnet,nodes,106,19.0
proftpd,aflnet,nodes,107,19.0
proftpd,aflnet,nodes,108,19.0
proftpd,aflnet,nodes,109,19.0
proftpd,aflnet,nodes,110,19.0
proftpd,aflnet,nodes,111,19.0
proftpd,aflnet,nodes,112,19.0
proftpd,aflnet,nodes,113,19.0
proftpd,aflnet,nodes,114,19.0
proftpd,aflnet,nodes,115,19.0
proftpd,aflnet,nodes,116,19.0
proftpd,aflnet,nodes,117,19.0
proftpd,aflnet,nodes,118,19.0
proftpd,aflnet,nodes,119,19.0
proftpd,aflnet,nodes,120,19.0
proftpd,aflnet,nodes,121,19.0
proftpd,aflnet,nodes,122,19.0
proftpd,aflnet,nodes,123,19.0
proftpd,aflnet,nodes,124,19.0
proftpd,aflnet,nodes,125,19.0
proftpd,aflnet,nodes,126,19.0
proftpd,aflnet,nodes,127,19.0
proftpd,aflnet,nodes,128,19.0
proftpd,aflnet,nodes,129,19.0
proftpd,aflnet,nodes,130,19.0
proftpd,aflnet,nodes,131,19.0
proftpd,aflnet,nodes,132,19.0
proftpd,aflnet,nodes,133,19.0
proftpd,aflnet,nodes,134,19.0
proftpd,aflnet,nodes,135,19.0
proftpd,aflnet,nodes,136,19.0
proftpd,aflnet,nodes,137,19.0
proftpd,aflnet,nodes,138,19.0
proftpd,aflnet,nodes,139,19.0
proftpd,aflnet,nodes,140,19.0
proftpd,aflnet,nodes,141,19.0
proftpd,aflnet,nodes,142,19.0
proftpd,aflnet,nodes,143,19.0
proftpd,aflnet,nodes,144,19.0
proftpd,aflnet,nodes,145,19.0
proftpd,aflnet,nodes,146,20.0
proftpd,aflnet,nodes,147,20.0
proftpd,aflnet,nodes,148,20.0
proftpd,aflnet,nodes,149,20.0
proftpd,aflnet,nodes,150,20.0
proftpd,aflnet,nodes,151,20.0
proftpd,aflnet,nodes,152,20.0
proftpd,aflnet,nodes,153,20.0
proftpd,aflnet,nodes,154,20.0
proftpd,aflnet,nodes,155,20.0
proftpd,aflnet,nodes,156,20.0
proftpd,aflnet,nodes,157,20.0
proftpd,aflnet,nodes,158,20.0
proftpd,aflnet,nodes,159,20.0
proftpd,aflnet,nodes,160,20.0
proftpd,aflnet,nodes,161,20.0
proftpd,aflnet,nodes,162,20.0
proftpd,aflnet,nodes,163,20.0
proftpd,aflnet,nodes,164,20.0
proftpd,aflnet,nodes,165,20.0
proftpd,aflnet,nodes,166,20.0
proftpd,aflnet,nodes,167,20.0
proftpd,aflnet,nodes,168,20.0
proftpd,aflnet,nodes,169,20.0
proftpd,aflnet,nodes,170,20.0
proftpd,aflnet,nodes,171,20.0
proftpd,aflnet,nodes,172,20.0
proftpd,aflnet,nodes,173,20.0
proftpd,aflnet,nodes,174,20.0
proftpd,aflnet,nodes,175,20.0
proftpd,aflnet,nodes,176,20.0
proftpd,aflnet,nodes,177,20.0
proftpd,aflnet,nodes,178,20.0
proftpd,aflnet,nodes,179,20.0
proftpd,aflnet,nodes,180,20.0
proftpd,aflnet,nodes,181,20.0
proftpd,aflnet,nodes,182,20.0
proftpd,aflnet,nodes,183,20.0
proftpd,aflnet,nodes,184,20.0
proftpd,aflnet,nodes,185,20.0
proftpd,aflnet,nodes,186,20.0
proftpd,aflnet,nodes,187,20.0
proftpd,aflnet,nodes,188,20.0
proftpd,aflnet,nodes,189,20.0
proftpd,aflnet,nodes,190,20.0
proftpd,aflnet,nodes,191,20.0
proftpd,aflnet,nodes,192,20.0
proftpd,aflnet,nodes,193,20.0
proftpd,aflnet,nodes,194,20.0
proftpd,aflnet,nodes,195,20.0
proftpd,aflnet,nodes,196,20.0
proftpd,aflnet,nodes,197,20.0
proftpd,aflnet,nodes,198,20.0
proftpd,aflnet,nodes,199,20.0
proftpd,aflnet,nodes,200,20.0
proftpd,aflnet,nodes,201,20.0
proftpd,aflnet,nodes,202,20.0
proftpd,aflnet,nodes,203,20.0
proftpd,aflnet,nodes,204,20.0
proftpd,aflnet,nodes,205,20.0
proftpd,aflnet,nodes,206,20.0
proftpd,aflnet,nodes,207,20.0
proftpd,aflnet,nodes,208,20.0
proftpd,aflnet,nodes,209,20.0
proftpd,aflnet,nodes,210,20.0
proftpd,aflnet,nodes,211,20.0
proftpd,aflnet,nodes,212,20.0
proftpd,aflnet,nodes,213,20.0
proftpd,aflnet,nodes,214,20.0
proftpd,aflnet,nodes,215,20.0
proftpd,aflnet,nodes,216,20.0
proftpd,aflnet,nodes,217,20.0
proftpd,aflnet,nodes,218,20.0
proftpd,aflnet,nodes,219,20.0
proftpd,aflnet,nodes,220,20.0
proftpd,aflnet,nodes,221,20.0
proftpd,aflnet,nodes,222,20.0
proftpd,aflnet,nodes,223,20.0
proftpd,aflnet,nodes,224,20.0
proftpd,aflnet,nodes,225,20.0
proftpd,aflnet,nodes,226,20.0
proftpd,aflnet,nodes,227,20.0
proftpd,aflnet,nodes,228,20.0
proftpd,aflnet,nodes,229,20.0
proftpd,aflnet,nodes,230,20.0
proftpd,aflnet,nodes,231,20.0
proftpd,aflnet,nodes,232,20.0
proftpd,aflnet,nodes,233,20.0
proftpd,aflnet,nodes,234,20.0
proftpd,aflnet,nodes,235,20.0
proftpd,aflnet,nodes,236,20.0
proftpd,aflnet,nodes,237,20.0
proftpd,aflnet,nodes,238,20.0
proftpd,aflnet,nodes,239,20.0
proftpd,aflnet,nodes,240,20.0
proftpd,aflnet,nodes,241,20.0
proftpd,aflnet,nodes,242,20.0
proftpd,aflnet,nodes,243,20.0
proftpd,aflnet,nodes,244,20.0
proftpd,aflnet,nodes,245,20.0
proftpd,aflnet,nodes,246,20.0
proftpd,aflnet,nodes,247,20.0
proftpd,aflnet,nodes,248,20.0
proftpd,aflnet,nodes,249,20.0
proftpd,aflnet,nodes,250,20.0
proftpd,aflnet,nodes,251,20.0
proftpd,aflnet,nodes,252,20.0
proftpd,aflnet,nodes,253,20.0
proftpd,aflnet,nodes,254,20.0
proftpd,aflnet,nodes,255,20.0
proftpd,aflnet,nodes,256,20.0
proftpd,aflnet,nodes,257,20.0
proftpd,aflnet,nodes,258,20.0
proftpd,aflnet,nodes,259,20.0
proftpd,aflnet,nodes,260,20.0
proftpd,aflnet,nodes,261,20.0
proftpd,aflnet,nodes,262,20.0
proftpd,aflnet,nodes,263,20.0
proftpd,aflnet,nodes,264,20.0
proftpd,aflnet,nodes,265,20.0
proftpd,aflnet,nodes,266,20.0
proftpd,aflnet,nodes,267,20.0
proftpd,aflnet,nodes,268,20.0
proftpd,aflnet,nodes,269,20.0
proftpd,aflnet,nodes,270,20.0
proftpd,aflnet,nodes,271,20.0
proftpd,aflnet,nodes,272,20.0
proftpd,aflnet,nodes,273,20.0
proftpd,aflnet,nodes,274,20.0
proftpd,aflnet,nodes,275,20.0
proftpd,aflnet,nodes,276,20.0
proftpd,aflnet,nodes,277,20.0
proftpd,aflnet,nodes,278,20.0
proftpd,aflnet,nodes,279,20.0
proftpd,aflnet,nodes,280,20.0
proftpd,aflnet,nodes,281,20.0
proftpd,aflnet,nodes,282,20.0
proftpd,aflnet,nodes,283,20.0
proftpd,aflnet,nodes,284,20.0
proftpd,aflnet,nodes,285,20.0
proftpd,aflnet,nodes,286,20.0
proftpd,aflnet,nodes,287,20.0
proftpd,aflnet,nodes,288,20.0
proftpd,aflnet,nodes,289,20.0
proftpd,aflnet,nodes,290,20.0
proftpd,aflnet,nodes,291,20.0
proftpd,aflnet,nodes,292,20.0
proftpd,aflnet,nodes,293,20.0
proftpd,aflnet,nodes,294,20.0
proftpd,aflnet,nodes,295,20.0
proftpd,aflnet,nodes,296,20.0
proftpd,aflnet,nodes,297,20.0
proftpd,aflnet,nodes,298,20.0
proftpd,aflnet,nodes,299,20.0
proftpd,aflnet,nodes,300,20.0
proftpd,aflnet,nodes,301,20.0
proftpd,aflnet,nodes,302,20.0
proftpd,aflnet,nodes,303,20.0
proftpd,aflnet,nodes,304,20.0
proftpd,aflnet,nodes,305,20.0
proftpd,aflnet,nodes,306,20.0
proftpd,aflnet,nodes,307,20.0
proftpd,aflnet,nodes,308,20.0
proftpd,aflnet,nodes,309,20.0
proftpd,aflnet,nodes,310,20.0
proftpd,aflnet,nodes,311,20.0
proftpd,aflnet,nodes,312,20.0
proftpd,aflnet,nodes,313,20.0
proftpd,aflnet,nodes,314,20.0
proftpd,aflnet,nodes,315,20.0
proftpd,aflnet,nodes,316,20.0
proftpd,aflnet,nodes,317,20.0
proftpd,aflnet,nodes,318,20.0
proftpd,aflnet,nodes,319,20.0
proftpd,aflnet,nodes,320,20.0
proftpd,aflnet,nodes,321,20.0
proftpd,aflnet,nodes,322,20.0
proftpd,aflnet,nodes,323,20.0
proftpd,aflnet,nodes,324,20.0
proftpd,aflnet,nodes,325,20.0
proftpd,aflnet,nodes,326,20.0
proftpd,aflnet,nodes,327,20.0
proftpd,aflnet,nodes,328,20.0
proftpd,aflnet,nodes,329,20.0
proftpd,aflnet,nodes,330,20.0
proftpd,aflnet,nodes,331,20.0
proftpd,aflnet,nodes,332,20.0
proftpd,aflnet,nodes,333,20.0
proftpd,aflnet,nodes,334,20.0
proftpd,aflnet,nodes,335,20.0
proftpd,aflnet,nodes,336,20.0
proftpd,aflnet,nodes,337,20.0
proftpd,aflnet,nodes,338,20.0
proftpd,aflnet,nodes,339,20.0
proftpd,aflnet,nodes,340,20.0
proftpd,aflnet,nodes,341,20.0
proftpd,aflnet,nodes,342,20.0
proftpd,aflnet,nodes,343,20.0
proftpd,aflnet,nodes,344,20.0
proftpd,aflnet,nodes,345,20.0
proftpd,aflnet,nodes,346,20.0
proftpd,aflnet,nodes,347,20.0
proftpd,aflnet,nodes,348,20.0
proftpd,aflnet,nodes,349,20.0
proftpd,aflnet,nodes,350,20.0
proftpd,aflnet,nodes,351,20.0
proftpd,aflnet,nodes,352,20.0
proftpd,aflnet,nodes,353,20.0
proftpd,aflnet,nodes,354,20.0
proftpd,aflnet,nodes,355,20.0
proftpd,aflnet,nodes,356,20.0
proftpd,aflnet,nodes,357,20.0
proftpd,aflnet,nodes,358,20.0
proftpd,aflnet,nodes,359,20.0
proftpd,aflnet,nodes,360,20.0
proftpd,aflnet,nodes,361,20.0
proftpd,aflnet,nodes,362,20.0
proftpd,aflnet,nodes,363,20.0
proftpd,aflnet,nodes,364,20.0
proftpd,aflnet,nodes,365,20.0
proftpd,aflnet,nodes,366,20.0
proftpd,aflnet,nodes,367,20.0
proftpd,aflnet,nodes,368,20.0
proftpd,aflnet,nodes,369,20.0
proftpd,aflnet,nodes,370,20.0
proftpd,aflnet,nodes,371,20.0
proftpd,aflnet,nodes,372,20.0
proftpd,aflnet,nodes,373,20.0
proftpd,aflnet,nodes,374,20.0
proftpd,aflnet,nodes,375,20.0
proftpd,aflnet,nodes,376,20.0
proftpd,aflnet,nodes,377,20.0
proftpd,aflnet,nodes,378,20.0
proftpd,aflnet,nodes,379,20.0
proftpd,aflnet,nodes,380,20.0
proftpd,aflnet,nodes,381,20.0
proftpd,aflnet,nodes,382,20.0
proftpd,aflnet,nodes,383,20.0
proftpd,aflnet,nodes,384,20.0
proftpd,aflnet,nodes,385,20.0
proftpd,aflnet,nodes,386,20.0
proftpd,aflnet,nodes,387,20.0
proftpd,aflnet,nodes,388,20.0
proftpd,aflnet,nodes,389,20.0
proftpd,aflnet,nodes,390,20.0
proftpd,aflnet,nodes,391,20.0
proftpd,aflnet,nodes,392,20.0
proftpd,aflnet,nodes,393,20.0
proftpd,aflnet,nodes,394,20.0
proftpd,aflnet,nodes,395,20.0
proftpd,aflnet,nodes,396,20.0
proftpd,aflnet,nodes,397,20.0
proftpd,aflnet,nodes,398,20.0
proftpd,aflnet,nodes,399,20.0
proftpd,aflnet,nodes,400,20.0
proftpd,aflnet,nodes,401,20.0
proftpd,aflnet,nodes,402,20.0
proftpd,aflnet,nodes,403,20.0
proftpd,aflnet,nodes,404,20.0
proftpd,aflnet,nodes,405,20.0
proftpd,aflnet,nodes,406,20.0
proftpd,aflnet,nodes,407,20.0
proftpd,aflnet,nodes,408,20.0
proftpd,aflnet,nodes,409,20.0
proftpd,aflnet,nodes,410,20.0
proftpd,aflnet,nodes,411,20.0
proftpd,aflnet,nodes,412,20.0
proftpd,aflnet,nodes,413,20.0
proftpd,aflnet,nodes,414,20.0
proftpd,aflnet,nodes,415,20.0
proftpd,aflnet,nodes,416,20.0
proftpd,aflnet,nodes,417,20.0
proftpd,aflnet,nodes,418,20.0
proftpd,aflnet,nodes,419,20.0
proftpd,aflnet,nodes,420,20.0
proftpd,aflnet,nodes,421,20.0
proftpd,aflnet,nodes,422,20.0
proftpd,aflnet,nodes,423,20.0
proftpd,aflnet,nodes,424,20.0
proftpd,aflnet,nodes,425,20.0
proftpd,aflnet,nodes,426,20.0
proftpd,aflnet,nodes,427,20.0
proftpd,aflnet,nodes,428,20.0
proftpd,aflnet,nodes,429,20.0
proftpd,aflnet,nodes,430,20.0
proftpd,aflnet,nodes,431,20.0
proftpd,aflnet,nodes,432,20.0
proftpd,aflnet,nodes,433,20.0
proftpd,aflnet,nodes,434,20.0
proftpd,aflnet,nodes,435,20.0
proftpd,aflnet,nodes,436,20.0
proftpd,aflnet,nodes,437,20.0
proftpd,aflnet,nodes,438,20.0
proftpd,aflnet,nodes,439,20.0
proftpd,aflnet,nodes,440,20.0
proftpd,aflnet,nodes,441,20.0
proftpd,aflnet,nodes,442,20.0
proftpd,aflnet,nodes,443,20.0
proftpd,aflnet,nodes,444,20.0
proftpd,aflnet,nodes,445,20.0
proftpd,aflnet,nodes,446,20.0
proftpd,aflnet,nodes,447,20.0
proftpd,aflnet,nodes,448,20.0
proftpd,aflnet,nodes,449,20.0
proftpd,aflnet,nodes,450,20.0
proftpd,aflnet,nodes,451,20.0
proftpd,aflnet,nodes,452,20.0
proftpd,aflnet,nodes,453,20.0
proftpd,aflnet,nodes,454,20.0
proftpd,aflnet,nodes,455,20.0
proftpd,aflnet,nodes,456,20.0
proftpd,aflnet,nodes,457,20.0
proftpd,aflnet,nodes,458,20.0
proftpd,aflnet,nodes,459,20.0
proftpd,aflnet,nodes,460,20.0
proftpd,aflnet,nodes,461,20.0
proftpd,aflnet,nodes,462,20.0
proftpd,aflnet,nodes,463,20.0
proftpd,aflnet,nodes,464,20.0
proftpd,aflnet,nodes,465,20.0
proftpd,aflnet,nodes,466,20.0
proftpd,aflnet,nodes,467,20.0
proftpd,aflnet,nodes,468,20.0
proftpd,aflnet,nodes,469,20.0
proftpd,aflnet,nodes,470,20.0
proftpd,aflnet,nodes,471,20.0
proftpd,aflnet,nodes,472,20.0
proftpd,aflnet,nodes,473,20.0
proftpd,aflnet,nodes,474,20.0
proftpd,aflnet,nodes,475,20.0
proftpd,aflnet,nodes,476,20.0
proftpd,aflnet,nodes,477,20.0
proftpd,aflnet,nodes,478,20.0
proftpd,aflnet,nodes,479,20.0
proftpd,aflnet,nodes,480,20.0
proftpd,aflnet,edges,0,0.0
proftpd,aflnet,edges,1,25.0
proftpd,aflnet,edges,2,31.0
proftpd,aflnet,edges,3,31.0
proftpd,aflnet,edges,4,33.0
proftpd,aflnet,edges,5,40.0
proftpd,aflnet,edges,6,47.0
proftpd,aflnet,edges,7,52.0
proftpd,aflnet,edges,8,54.0
proftpd,aflnet,edges,9,58.0
proftpd,aflnet,edges,10,59.0
proftpd,aflnet,edges,11,64.0
proftpd,aflnet,edges,12,66.0
proftpd,aflnet,edges,13,66.0
proftpd,aflnet,edges,14,69.0
proftpd,aflnet,edges,15,69.0
proftpd,aflnet,edges,16,72.0
proftpd,aflnet,edges,17,73.0
proftpd,aflnet,edges,18,73.0
proftpd,aflnet,edges,19,73.0
proftpd,aflnet,edges,20,74.0
proftpd,aflnet,edges,21,75.0
proftpd,aflnet,edges,22,75.0
proftpd,aflnet,edges,23,75.0
proftpd,aflnet,edges,24,76.0
proftpd,aflnet,edges,25,77.0
proftpd,aflnet,edges,26,78.0
proftpd,aflnet,edges,27,78.0
proftpd,aflnet,edges,28,78.0
proftpd,aflnet,edges,29,78.0
proftpd,aflnet,edges,30,78.0
proftpd,aflnet,edges,31,79.0
proftpd,aflnet,edges,32,79.0
proftpd,aflnet,edges,33,79.0
proftpd,aflnet,edges,34,79.0
proftpd,aflnet,edges,35,79.0
proftpd,aflnet,edges,36,79.0
proftpd,aflnet,edges,37,81.0
proftpd,aflnet,edges,38,81.0
proftpd,aflnet,edges,39,81.0
proftpd,aflnet,edges,40,81.0
proftpd,aflnet,edges,41,81.0
proftpd,aflnet,edges,42,84.0
proftpd,aflnet,edges,43,87.0
proftpd,aflnet,edges,44,87.0
proftpd,aflnet,edges,45,87.0
proftpd,aflnet,edges,46,87.0
proftpd,aflnet,edges,47,87.0
proftpd,aflnet,edges,48,87.0
proftpd,aflnet,edges,49,87.0
proftpd,aflnet,edges,50,88.0
proftpd,aflnet,edges,51,88.0
proftpd,aflnet,edges,52,88.0
proftpd,aflnet,edges,53,89.0
proftpd,aflnet,edges,54,89.0
proftpd,aflnet,edges,55,89.0
proftpd,aflnet,edges,56,89.0
proftpd,aflnet,edges,57,89.0
proftpd,aflnet,edges,58,91.0
proftpd,aflnet,edges,59,95.0
proftpd,aflnet,edges,60,98.0
proftpd,aflnet,edges,61,98.0
proftpd,aflnet,edges,62,98.0
proftpd,aflnet,edges,63,99.0
proftpd,aflnet,edges,64,99.0
proftpd,aflnet,edges,65,100.0
proftpd,aflnet,edges,66,100.0
proftpd,aflnet,edges,67,101.0
proftpd,aflnet,edges,68,101.0
proftpd,aflnet,edges,69,101.0
proftpd,aflnet,edges,70,102.0
proftpd,aflnet,edges,71,102.0
proftpd,aflnet,edges,72,102.0
proftpd,aflnet,edges,73,102.0
proftpd,aflnet,edges,74,102.0
proftpd,aflnet,edges,75,102.0
proftpd,aflnet,edges,76,102.0
proftpd,aflnet,edges,77,102.0
proftpd,aflnet,edges,78,102.0
proftpd,aflnet,edges,79,102.0
proftpd,aflnet,edges,80,102.0
proftpd,aflnet,edges,81,102.0
proftpd,aflnet,edges,82,102.0
proftpd,aflnet,edges,83,102.0
proftpd,aflnet,edges,84,102.0
proftpd,aflnet,edges,85,102.0
proftpd,aflnet,edges,86,102.0
proftpd,aflnet,edges,87,102.0
proftpd,aflnet,edges,88,102.0
proftpd,aflnet,edges,89,102.0
proftpd,aflnet,edges,90,102.0
proftpd,aflnet,edges,91,102.0
proftpd,aflnet,edges,92,102.0
proftpd,aflnet,edges,93,102.0
proftpd,aflnet,edges,94,102.0
proftpd,aflnet,edges,95,102.0
proftpd,aflnet,edges,96,103.0
proftpd,aflnet,edges,97,103.0
proftpd,aflnet,edges,98,103.0
proftpd,aflnet,edges,99,103.0
proftpd,aflnet,edges,100,103.0
proftpd,aflnet,edges,101,103.0
proftpd,aflnet,edges,102,103.0
proftpd,aflnet,edges,103,104.0
proftpd,aflnet,edges,104,104.0
proftpd,aflnet,edges,105,104.0
proftpd,aflnet,edges,106,105.0
proftpd,aflnet,edges,107,105.0
proftpd,aflnet,edges,108,105.0
proftpd,aflnet,edges,109,105.0
proftpd,aflnet,edges,110,106.0
proftpd,aflnet,edges,111,106.0
proftpd,aflnet,edges,112,106.0
proftpd,aflnet,edges,113,106.0
proftpd,aflnet,edges,114,106.0
proftpd,aflnet,edges,115,106.0
proftpd,aflnet,edges,116,106.0
proftpd,aflnet,edges,117,106.0
proftpd,aflnet,edges,118,106.0
proftpd,aflnet,edges,119,106.0
proftpd,aflnet,edges,120,107.0
proftpd,aflnet,edges,121,110.0
proftpd,aflnet,edges,122,110.0
proftpd,aflnet,edges,123,111.0
proftpd,aflnet,edges,124,113.0
proftpd,aflnet,edges,125,113.0
proftpd,aflnet,edges,126,113.0
proftpd,aflnet,edges,127,113.0
proftpd,aflnet,edges,128,113.0
proftpd,aflnet,edges,129,114.0
proftpd,aflnet,edges,130,114.0
proftpd,aflnet,edges,131,114.0
proftpd,aflnet,edges,132,114.0
proftpd,aflnet,edges,133,114.0
proftpd,aflnet,edges,134,114.0
proftpd,aflnet,edges,135,114.0
proftpd,aflnet,edges,136,114.0
proftpd,aflnet,edges,137,114.0
proftpd,aflnet,edges,138,114.0
proftpd,aflnet,edges,139,114.0
proftpd,aflnet,edges,140,114.0
proftpd,aflnet,edges,141,114.0
proftpd,aflnet,edges,142,114.0
proftpd,aflnet,edges,143,114.0
proftpd,aflnet,edges,144,115.0
proftpd,aflnet,edges,145,117.0
proftpd,aflnet,edges,146,119.0
proftpd,aflnet,edges,147,119.0
proftpd,aflnet,edges,148,119.0
proftpd,aflnet,edges,149,119.0
proftpd,aflnet,edges,150,119.0
proftpd,aflnet,edges,151,119.0
proftpd,aflnet,edges,152,119.0
proftpd,aflnet,edges,153,119.0
proftpd,aflnet,edges,154,119.0
proftpd,aflnet,edges,155,119.0
proftpd,aflnet,edges,156,119.0
proftpd,aflnet,edges,157,119.0
proftpd,aflnet,edges,158,119.0
proftpd,aflnet,edges,159,119.0
proftpd,aflnet,edges,160,119.0
proftpd,aflnet,edges,161,119.0
proftpd,aflnet,edges,162,119.0
proftpd,aflnet,edges,163,120.0
proftpd,aflnet,edges,164,120.0
proftpd,aflnet,edges,165,120.0
proftpd,aflnet,edges,166,120.0
proftpd,aflnet,edges,167,120.0
proftpd,aflnet,edges,168,123.0
proftpd,aflnet,edges,169,125.0
proftpd,aflnet,edges,170,126.0
proftpd,aflnet,edges,171,126.0
proftpd,aflnet,edges,172,126.0
proftpd,aflnet,edges,173,126.0
proftpd,aflnet,edges,174,126.0
proftpd,aflnet,edges,175,126.0
proftpd,aflnet,edges,176,126.0
proftpd,aflnet,edges,177,126.0
proftpd,aflnet,edges,178,126.0
proftpd,aflnet,edges,179,126.0
proftpd,aflnet,edges,180,126.0
proftpd,aflnet,edges,181,126.0
proftpd,aflnet,edges,182,126.0
proftpd,aflnet,edges,183,126.0
proftpd,aflnet,edges,184,126.0
proftpd,aflnet,edges,185,126.0
proftpd,aflnet,edges,186,126.0
proftpd,aflnet,edges,187,126.0
proftpd,aflnet,edges,188,126.0
proftpd,aflnet,edges,189,126.0
proftpd,aflnet,edges,190,126.0
proftpd,aflnet,edges,191,126.0
proftpd,aflnet,edges,192,126.0
proftpd,aflnet,edges,193,126.0
proftpd,aflnet,edges,194,126.0
proftpd,aflnet,edges,195,126.0
proftpd,aflnet,edges,196,126.0
proftpd,aflnet,edges,197,127.0
proftpd,aflnet,edges,198,129.0
proftpd,aflnet,edges,199,129.0
proftpd,aflnet,edges,200,129.0
proftpd,aflnet,edges,201,130.0
proftpd,aflnet,edges,202,130.0
proftpd,aflnet,edges,203,130.0
proftpd,aflnet,edges,204,130.0
proftpd,aflnet,edges,205,130.0
proftpd,aflnet,edges,206,130.0
proftpd,aflnet,edges,207,130.0
proftpd,aflnet,edges,208,130.0
proftpd,aflnet,edges,209,130.0
proftpd,aflnet,edges,210,130.0
proftpd,aflnet,edges,211,130.0
proftpd,aflnet,edges,212,130.0
proftpd,aflnet,edges,213,130.0
proftpd,aflnet,edges,214,130.0
proftpd,aflnet,edges,215,130.0
proftpd,aflnet,edges,216,130.0
proftpd,aflnet,edges,217,130.0
proftpd,aflnet,edges,218,131.0
proftpd,aflnet,edges,219,131.0
proftpd,aflnet,edges,220,131.0
proftpd,aflnet,edges,221,131.0
proftpd,aflnet,edges,222,131.0
proftpd,aflnet,edges,223,131.0
proftpd,aflnet,edges,224,131.0
proftpd,aflnet,edges,225,131.0
proftpd,aflnet,edges,226,131.0
proftpd,aflnet,edges,227,131.0
proftpd,aflnet,edges,228,131.0
proftpd,aflnet,edges,229,131.0
proftpd,aflnet,edges,230,131.0
proftpd,aflnet,edges,231,131.0
proftpd,aflnet,edges,232,131.0
proftpd,aflnet,edges,233,131.0
proftpd,aflnet,edges,234,131.0
proftpd,aflnet,edges,235,131.0
proftpd,aflnet,edges,236,131.0
proftpd,aflnet,edges,237,131.0
proftpd,aflnet,edges,238,131.0
proftpd,aflnet,edges,239,131.0
proftpd,aflnet,edges,240,131.0
proftpd,aflnet,edges,241,131.0
proftpd,aflnet,edges,242,131.0
proftpd,aflnet,edges,243,131.0
proftpd,aflnet,edges,244,131.0
proftpd,aflnet,edges,245,131.0
proftpd,aflnet,edges,246,131.0
proftpd,aflnet,edges,247,131.0
proftpd,aflnet,edges,248,131.0
proftpd,aflnet,edges,249,131.0
proftpd,aflnet,edges,250,131.0
proftpd,aflnet,edges,251,131.0
proftpd,aflnet,edges,252,131.0
proftpd,aflnet,edges,253,132.0
proftpd,aflnet,edges,254,132.0
proftpd,aflnet,edges,255,132.0
proftpd,aflnet,edges,256,132.0
proftpd,aflnet,edges,257,132.0
proftpd,aflnet,edges,258,132.0
proftpd,aflnet,edges,259,132.0
proftpd,aflnet,edges,260,132.0
proftpd,aflnet,edges,261,132.0
proftpd,aflnet,edges,262,132.0
proftpd,aflnet,edges,263,132.0
proftpd,aflnet,edges,264,132.0
proftpd,aflnet,edges,265,132.0
proftpd,aflnet,edges,266,132.0
proftpd,aflnet,edges,267,132.0
proftpd,aflnet,edges,268,132.0
proftpd,aflnet,edges,269,132.0
proftpd,aflnet,edges,270,132.0
proftpd,aflnet,edges,271,132.0
proftpd,aflnet,edges,272,132.0
proftpd,aflnet,edges,273,132.0
proftpd,aflnet,edges,274,132.0
proftpd,aflnet,edges,275,132.0
proftpd,aflnet,edges,276,132.0
proftpd,aflnet,edges,277,132.0
proftpd,aflnet,edges,278,132.0
proftpd,aflnet,edges,279,132.0
proftpd,aflnet,edges,280,132.0
proftpd,aflnet,edges,281,132.0
proftpd,aflnet,edges,282,132.0
proftpd,aflnet,edges,283,132.0
proftpd,aflnet,edges,284,132.0
proftpd,aflnet,edges,285,132.0
proftpd,aflnet,edges,286,132.0
proftpd,aflnet,edges,287,132.0
proftpd,aflnet,edges,288,132.0
proftpd,aflnet,edges,289,132.0
proftpd,aflnet,edges,290,132.0
proftpd,aflnet,edges,291,132.0
proftpd,aflnet,edges,292,132.0
proftpd,aflnet,edges,293,132.0
proftpd,aflnet,edges,294,132.0
proftpd,aflnet,edges,295,132.0
proftpd,aflnet,edges,296,132.0
proftpd,aflnet,edges,297,132.0
proftpd,aflnet,edges,298,132.0
proftpd,aflnet,edges,299,132.0
proftpd,aflnet,edges,300,132.0
proftpd,aflnet,edges,301,132.0
proftpd,aflnet,edges,302,132.0
proftpd,aflnet,edges,303,132.0
proftpd,aflnet,edges,304,132.0
proftpd,aflnet,edges,305,132.0
proftpd,aflnet,edges,306,132.0
proftpd,aflnet,edges,307,134.0
proftpd,aflnet,edges,308,134.0
proftpd,aflnet,edges,309,134.0
proftpd,aflnet,edges,310,134.0
proftpd,aflnet,edges,311,134.0
proftpd,aflnet,edges,312,134.0
proftpd,aflnet,edges,313,134.0
proftpd,aflnet,edges,314,134.0
proftpd,aflnet,edges,315,134.0
proftpd,aflnet,edges,316,134.0
proftpd,aflnet,edges,317,134.0
proftpd,aflnet,edges,318,134.0
proftpd,aflnet,edges,319,134.0
proftpd,aflnet,edges,320,134.0
proftpd,aflnet,edges,321,134.0
proftpd,aflnet,edges,322,134.0
proftpd,aflnet,edges,323,134.0
proftpd,aflnet,edges,324,134.0
proftpd,aflnet,edges,325,134.0
proftpd,aflnet,edges,326,134.0
proftpd,aflnet,edges,327,134.0
proftpd,aflnet,edges,328,134.0
proftpd,aflnet,edges,329,134.0
proftpd,aflnet,edges,330,134.0
proftpd,aflnet,edges,331,134.0
proftpd,aflnet,edges,332,134.0
proftpd,aflnet,edges,333,134.0
proftpd,aflnet,edges,334,134.0
proftpd,aflnet,edges,335,134.0
proftpd,aflnet,edges,336,134.0
proftpd,aflnet,edges,337,134.0
proftpd,aflnet,edges,338,134.0
proftpd,aflnet,edges,339,134.0
proftpd,aflnet,edges,340,134.0
proftpd,aflnet,edges,341,134.0
proftpd,aflnet,edges,342,134.0
proftpd,aflnet,edges,343,134.0
proftpd,aflnet,edges,344,134.0
proftpd,aflnet,edges,345,134.0
proftpd,aflnet,edges,346,134.0
proftpd,aflnet,edges,347,134.0
proftpd,aflnet,edges,348,134.0
proftpd,aflnet,edges,349,134.0
proftpd,aflnet,edges,350,134.0
proftpd,aflnet,edges,351,134.0
proftpd,aflnet,edges,352,134.0
proftpd,aflnet,edges,353,134.0
proftpd,aflnet,edges,354,134.0
proftpd,aflnet,edges,355,134.0
proftpd,aflnet,edges,356,134.0
proftpd,aflnet,edges,357,134.0
proftpd,aflnet,edges,358,134.0
proftpd,aflnet,edges,359,134.0
proftpd,aflnet,edges,360,134.0
proftpd,aflnet,edges,361,134.0
proftpd,aflnet,edges,362,134.0
proftpd,aflnet,edges,363,134.0
proftpd,aflnet,edges,364,134.0
proftpd,aflnet,edges,365,134.0
proftpd,aflnet,edges,366,134.0
proftpd,aflnet,edges,367,134.0
proftpd,aflnet,edges,368,134.0
proftpd,aflnet,edges,369,134.0
proftpd,aflnet,edges,370,134.0
proftpd,aflnet,edges,371,134.0
proftpd,aflnet,edges,372,134.0
proftpd,aflnet,edges,373,134.0
proftpd,aflnet,edges,374,134.0
proftpd,aflnet,edges,375,134.0
proftpd,aflnet,edges,376,134.0
proftpd,aflnet,edges,377,134.0
proftpd,aflnet,edges,378,134.0
proftpd,aflnet,edges,379,134.0
proftpd,aflnet,edges,380,134.0
proftpd,aflnet,edges,381,134.0
proftpd,aflnet,edges,382,134.0
proftpd,aflnet,edges,383,134.0
proftpd,aflnet,edges,384,134.0
proftpd,aflnet,edges,385,134.0
proftpd,aflnet,edges,386,134.0
proftpd,aflnet,edges,387,134.0
proftpd,aflnet,edges,388,134.0
proftpd,aflnet,edges,389,134.0
proftpd,aflnet,edges,390,134.0
proftpd,aflnet,edges,391,134.0
proftpd,aflnet,edges,392,134.0
proftpd,aflnet,edges,393,134.0
proftpd,aflnet,edges,394,134.0
proftpd,aflnet,edges,395,134.0
proftpd,aflnet,edges,396,134.0
proftpd,aflnet,edges,397,134.0
proftpd,aflnet,edges,398,134.0
proftpd,aflnet,edges,399,134.0
proftpd,aflnet,edges,400,134.0
proftpd,aflnet,edges,401,134.0
proftpd,aflnet,edges,402,134.0
proftpd,aflnet,edges,403,134.0
proftpd,aflnet,edges,404,134.0
proftpd,aflnet,edges,405,134.0
proftpd,aflnet,edges,406,134.0
proftpd,aflnet,edges,407,134.0
proftpd,aflnet,edges,408,134.0
proftpd,aflnet,edges,409,134.0
proftpd,aflnet,edges,410,134.0
proftpd,aflnet,edges,411,134.0
proftpd,aflnet,edges,412,134.0
proftpd,aflnet,edges,413,134.0
proftpd,aflnet,edges,414,134.0
proftpd,aflnet,edges,415,134.0
proftpd,aflnet,edges,416,134.0
proftpd,aflnet,edges,417,134.0
proftpd,aflnet,edges,418,134.0
proftpd,aflnet,edges,419,134.0
proftpd,aflnet,edges,420,134.0
proftpd,aflnet,edges,421,134.0
proftpd,aflnet,edges,422,134.0
proftpd,aflnet,edges,423,134.0
proftpd,aflnet,edges,424,134.0
proftpd,aflnet,edges,425,134.0
proftpd,aflnet,edges,426,134.0
proftpd,aflnet,edges,427,134.0
proftpd,aflnet,edges,428,134.0
proftpd,aflnet,edges,429,134.0
proftpd,aflnet,edges,430,134.0
proftpd,aflnet,edges,431,134.0
proftpd,aflnet,edges,432,134.0
proftpd,aflnet,edges,433,134.0
proftpd,aflnet,edges,434,134.0
proftpd,aflnet,edges,435,134.0
proftpd,aflnet,edges,436,134.0
proftpd,aflnet,edges,437,135.0
proftpd,aflnet,edges,438,135.0
proftpd,aflnet,edges,439,135.0
proftpd,aflnet,edges,440,135.0
proftpd,aflnet,edges,441,135.0
proftpd,aflnet,edges,442,135.0
proftpd,aflnet,edges,443,135.0
proftpd,aflnet,edges,444,135.0
proftpd,aflnet,edges,445,135.0
proftpd,aflnet,edges,446,135.0
proftpd,aflnet,edges,447,135.0
proftpd,aflnet,edges,448,135.0
proftpd,aflnet,edges,449,135.0
proftpd,aflnet,edges,450,135.0
proftpd,aflnet,edges,451,135.0
proftpd,aflnet,edges,452,135.0
proftpd,aflnet,edges,453,135.0
proftpd,aflnet,edges,454,135.0
proftpd,aflnet,edges,455,135.0
proftpd,aflnet,edges,456,135.0
proftpd,aflnet,edges,457,135.0
proftpd,aflnet,edges,458,135.0
proftpd,aflnet,edges,459,135.0
proftpd,aflnet,edges,460,135.0
proftpd,aflnet,edges,461,135.0
proftpd,aflnet,edges,462,135.0
proftpd,aflnet,edges,463,136.0
proftpd,aflnet,edges,464,136.0
proftpd,aflnet,edges,465,136.0
proftpd,aflnet,edges,466,136.0
proftpd,aflnet,edges,467,136.0
proftpd,aflnet,edges,468,136.0
proftpd,aflnet,edges,469,136.0
proftpd,aflnet,edges,470,136.0
proftpd,aflnet,edges,471,136.0
proftpd,aflnet,edges,472,136.0
proftpd,aflnet,edges,473,136.0
proftpd,aflnet,edges,474,136.0
proftpd,aflnet,edges,475,136.0
proftpd,aflnet,edges,476,136.0
proftpd,aflnet,edges,477,136.0
proftpd,aflnet,edges,478,136.0
proftpd,aflnet,edges,479,136.0
proftpd,aflnet,edges,480,136.0
proftpd,chatafl,nodes,0,0.0
proftpd,chatafl,nodes,1,14.0
proftpd,chatafl,nodes,2,14.0
proftpd,chatafl,nodes,3,14.0
proftpd,chatafl,nodes,4,14.0
proftpd,chatafl,nodes,5,17.0
proftpd,chatafl,nodes,6,17.0
proftpd,chatafl,nodes,7,17.0
proftpd,chatafl,nodes,8,17.0
proftpd,chatafl,nodes,9,17.0
proftpd,chatafl,nodes,10,17.0
proftpd,chatafl,nodes,11,17.0
proftpd,chatafl,nodes,12,17.0
proftpd,chatafl,nodes,13,17.0
proftpd,chatafl,nodes,14,17.0
proftpd,chatafl,nodes,15,17.0
proftpd,chatafl,nodes,16,17.0
proftpd,chatafl,nodes,17,17.0
proftpd,chatafl,nodes,18,17.0
proftpd,chatafl,nodes,19,17.0
proftpd,chatafl,nodes,20,17.0
proftpd,chatafl,nodes,21,17.0
proftpd,chatafl,nodes,22,18.0
proftpd,chatafl,nodes,23,18.0
proftpd,chatafl,nodes,24,18.0
proftpd,chatafl,nodes,25,18.0
proftpd,chatafl,nodes,26,19.0
proftpd,chatafl,nodes,27,19.0
proftpd,chatafl,nodes,28,19.0
proftpd,chatafl,nodes,29,19.0
proftpd,chatafl,nodes,30,19.0
proftpd,chatafl,nodes,31,19.0
proftpd,chatafl,nodes,32,19.0
proftpd,chatafl,nodes,33,19.0
proftpd,chatafl,nodes,34,19.0
proftpd,chatafl,nodes,35,19.0
proftpd,chatafl,nodes,36,19.0
proftpd,chatafl,nodes,37,19.0
proftpd,chatafl,nodes,38,19.0
proftpd,chatafl,nodes,39,19.0
proftpd,chatafl,nodes,40,19.0
proftpd,chatafl,nodes,41,19.0
proftpd,chatafl,nodes,42,19.0
proftpd,chatafl,nodes,43,19.0
proftpd,chatafl,nodes,44,19.0
proftpd,chatafl,nodes,45,19.0
proftpd,chatafl,nodes,46,20.0
proftpd,chatafl,nodes,47,20.0
proftpd,chatafl,nodes,48,20.0
proftpd,chatafl,nodes,49,20.0
proftpd,chatafl,nodes,50,20.0
proftpd,chatafl,nodes,51,20.0
proftpd,chatafl,nodes,52,20.0
proftpd,chatafl,nodes,53,20.0
proftpd,chatafl,nodes,54,20.0
proftpd,chatafl,nodes,55,20.0
proftpd,chatafl,nodes,56,20.0
proftpd,chatafl,nodes,57,20.0
proftpd,chatafl,nodes,58,20.0
proftpd,chatafl,nodes,59,20.0
proftpd,chatafl,nodes,60,20.0
proftpd,chatafl,nodes,61,20.0
proftpd,chatafl,nodes,62,20.0
proftpd,chatafl,nodes,63,20.0
proftpd,chatafl,nodes,64,20.0
proftpd,chatafl,nodes,65,20.0
proftpd,chatafl,nodes,66,20.0
proftpd,chatafl,nodes,67,20.0
proftpd,chatafl,nodes,68,20.0
proftpd,chatafl,nodes,69,20.0
proftpd,chatafl,nodes,70,20.0
proftpd,chatafl,nodes,71,20.0
proftpd,chatafl,nodes,72,20.0
proftpd,chatafl,nodes,73,20.0
proftpd,chatafl,nodes,74,20.0
proftpd,chatafl,nodes,75,20.0
proftpd,chatafl,nodes,76,20.0
proftpd,chatafl,nodes,77,20.0
proftpd,chatafl,nodes,78,20.0
proftpd,chatafl,nodes,79,20.0
proftpd,chatafl,nodes,80,20.0
proftpd,chatafl,nodes,81,20.0
proftpd,chatafl,nodes,82,20.0
proftpd,chatafl,nodes,83,20.0
proftpd,chatafl,nodes,84,20.0
proftpd,chatafl,nodes,85,20.0
proftpd,chatafl,nodes,86,20.0
proftpd,chatafl,nodes,87,20.0
proftpd,chatafl,nodes,88,20.0
proftpd,chatafl,nodes,89,20.0
proftpd,chatafl,nodes,90,20.0
proftpd,chatafl,nodes,91,20.0
proftpd,chatafl,nodes,92,20.0
proftpd,chatafl,nodes,93,20.0
proftpd,chatafl,nodes,94,20.0
proftpd,chatafl,nodes,95,20.0
proftpd,chatafl,nodes,96,20.0
proftpd,chatafl,nodes,97,20.0
proftpd,chatafl,nodes,98,20.0
proftpd,chatafl,nodes,99,20.0
proftpd,chatafl,nodes,100,20.0
proftpd,chatafl,nodes,101,20.0
proftpd,chatafl,nodes,102,20.0
proftpd,chatafl,nodes,103,20.0
proftpd,chatafl,nodes,104,20.0
proftpd,chatafl,nodes,105,20.0
proftpd,chatafl,nodes,106,20.0
proftpd,chatafl,nodes,107,20.0
proftpd,chatafl,nodes,108,20.0
proftpd,chatafl,nodes,109,20.0
proftpd,chatafl,nodes,110,20.0
proftpd,chatafl,nodes,111,20.0
proftpd,chatafl,nodes,112,20.0
proftpd,chatafl,nodes,113,20.0
proftpd,chatafl,nodes,114,20.0
proftpd,chatafl,nodes,115,20.0
proftpd,chatafl,nodes,116,20.0
proftpd,chatafl,nodes,117,20.0
proftpd,chatafl,nodes,118,20.0
proftpd,chatafl,nodes,119,20.0
proftpd,chatafl,nodes,120,20.0
proftpd,chatafl,nodes,121,20.0
proftpd,chatafl,nodes,122,20.0
proftpd,chatafl,nodes,123,20.0
proftpd,chatafl,nodes,124,20.0
proftpd,chatafl,nodes,125,20.0
proftpd,chatafl,nodes,126,20.0
proftpd,chatafl,nodes,127,20.0
proftpd,chatafl,nodes,128,20.0
proftpd,chatafl,nodes,129,20.0
proftpd,chatafl,nodes,130,20.0
proftpd,chatafl,nodes,131,20.0
proftpd,chatafl,nodes,132,20.0
proftpd,chatafl,nodes,133,20.0
proftpd,chatafl,nodes,134,20.0
proftpd,chatafl,nodes,135,20.0
proftpd,chatafl,nodes,136,20.0
proftpd,chatafl,nodes,137,20.0
proftpd,chatafl,nodes,138,20.0
proftpd,chatafl,nodes,139,20.0
proftpd,chatafl,nodes,140,20.0
proftpd,chatafl,nodes,141,20.0
proftpd,chatafl,nodes,142,20.0
proftpd,chatafl,nodes,143,20.0
proftpd,chatafl,nodes,144,20.0
proftpd,chatafl,nodes,145,20.0
proftpd,chatafl,nodes,146,20.0
proftpd,chatafl,nodes,147,20.0
proftpd,chatafl,nodes,148,20.0
proftpd,chatafl,nodes,149,20.0
proftpd,chatafl,nodes,150,20.0
proftpd,chatafl,nodes,151,20.0
proftpd,chatafl,nodes,152,20.0
proftpd,chatafl,nodes,153,20.0
proftpd,chatafl,nodes,154,20.0
proftpd,chatafl,nodes,155,20.0
proftpd,chatafl,nodes,156,20.0
proftpd,chatafl,nodes,157,20.0
proftpd,chatafl,nodes,158,20.0
proftpd,chatafl,nodes,159,20.0
proftpd,chatafl,nodes,160,20.0
proftpd,chatafl,nodes,161,20.0
proftpd,chatafl,nodes,162,20.0
proftpd,chatafl,nodes,163,20.0
proftpd,chatafl,nodes,164,20.0
proftpd,chatafl,nodes,165,20.0
proftpd,chatafl,nodes,166,20.0
proftpd,chatafl,nodes,167,20.0
proftpd,chatafl,nodes,168,20.0
proftpd,chatafl,nodes,169,20.0
proftpd,chatafl,nodes,170,20.0
proftpd,chatafl,nodes,171,20.0
proftpd,chatafl,nodes,172,20.0
proftpd,chatafl,nodes,173,20.0
proftpd,chatafl,nodes,174,20.0
proftpd,chatafl,nodes,175,20.0
proftpd,chatafl,nodes,176,20.0
proftpd,chatafl,nodes,177,20.0
proftpd,chatafl,nodes,178,20.0
proftpd,chatafl,nodes,179,20.0
proftpd,chatafl,nodes,180,20.0
proftpd,chatafl,nodes,181,20.0
proftpd,chatafl,nodes,182,20.0
proftpd,chatafl,nodes,183,20.0
proftpd,chatafl,nodes,184,20.0
proftpd,chatafl,nodes,185,20.0
proftpd,chatafl,nodes,186,20.0
proftpd,chatafl,nodes,187,20.0
proftpd,chatafl,nodes,188,20.0
proftpd,chatafl,nodes,189,20.0
proftpd,chatafl,nodes,190,20.0
proftpd,chatafl,nodes,191,20.0
proftpd,chatafl,nodes,192,20.0
proftpd,chatafl,nodes,193,20.0
proftpd,chatafl,nodes,194,20.0
proftpd,chatafl,nodes,195,20.0
proftpd,chatafl,nodes,196,20.0
proftpd,chatafl,nodes,197,20.0
proftpd,chatafl,nodes,198,20.0
proftpd,chatafl,nodes,199,20.0
proftpd,chatafl,nodes,200,20.0
proftpd,chatafl,nodes,201,20.0
proftpd,chatafl,nodes,202,20.0
proftpd,chatafl,nodes,203,20.0
proftpd,chatafl,nodes,204,20.0
proftpd,chatafl,nodes,205,20.0
proftpd,chatafl,nodes,206,20.0
proftpd,chatafl,nodes,207,20.0
proftpd,chatafl,nodes,208,20.0
proftpd,chatafl,nodes,209,20.0
proftpd,chatafl,nodes,210,20.0
proftpd,chatafl,nodes,211,20.0
proftpd,chatafl,nodes,212,20.0
proftpd,chatafl,nodes,213,20.0
proftpd,chatafl,nodes,214,20.0
proftpd,chatafl,nodes,215,20.0
proftpd,chatafl,nodes,216,20.0
proftpd,chatafl,nodes,217,20.0
proftpd,chatafl,nodes,218,20.0
proftpd,chatafl,nodes,219,20.0
proftpd,chatafl,nodes,220,20.0
proftpd,chatafl,nodes,221,20.0
proftpd,chatafl,nodes,222,20.0
proftpd,chatafl,nodes,223,20.0
proftpd,chatafl,nodes,224,20.0
proftpd,chatafl,nodes,225,20.0
proftpd,chatafl,nodes,226,20.0
proftpd,chatafl,nodes,227,20.0
proftpd,chatafl,nodes,228,20.0
proftpd,chatafl,nodes,229,20.0
proftpd,chatafl,nodes,230,20.0
proftpd,chatafl,nodes,231,20.0
proftpd,chatafl,nodes,232,20.0
proftpd,chatafl,nodes,233,20.0
proftpd,chatafl,nodes,234,20.0
proftpd,chatafl,nodes,235,20.0
proftpd,chatafl,nodes,236,20.0
proftpd,chatafl,nodes,237,20.0
proftpd,chatafl,nodes,238,20.0
proftpd,chatafl,nodes,239,20.0
proftpd,chatafl,nodes,240,20.0
proftpd,chatafl,nodes,241,20.0
proftpd,chatafl,nodes,242,20.0
proftpd,chatafl,nodes,243,20.0
proftpd,chatafl,nodes,244,20.0
proftpd,chatafl,nodes,245,20.0
proftpd,chatafl,nodes,246,20.0
proftpd,chatafl,nodes,247,20.0
proftpd,chatafl,nodes,248,20.0
proftpd,chatafl,nodes,249,20.0
proftpd,chatafl,nodes,250,20.0
proftpd,chatafl,nodes,251,20.0
proftpd,chatafl,nodes,252,20.0
proftpd,chatafl,nodes,253,20.0
proftpd,chatafl,nodes,254,20.0
proftpd,chatafl,nodes,255,20.0
proftpd,chatafl,nodes,256,20.0
proftpd,chatafl,nodes,257,20.0
proftpd,chatafl,nodes,258,20.0
proftpd,chatafl,nodes,259,20.0
proftpd,chatafl,nodes,260,20.0
proftpd,chatafl,nodes,261,20.0
proftpd,chatafl,nodes,262,20.0
proftpd,chatafl,nodes,263,20.0
proftpd,chatafl,nodes,264,20.0
proftpd,chatafl,nodes,265,20.0
proftpd,chatafl,nodes,266,20.0
proftpd,chatafl,nodes,267,20.0
proftpd,chatafl,nodes,268,20.0
proftpd,chatafl,nodes,269,20.0
proftpd,chatafl,nodes,270,20.0
proftpd,chatafl,nodes,271,20.0
proftpd,chatafl,nodes,272,20.0
proftpd,chatafl,nodes,273,20.0
proftpd,chatafl,nodes,274,20.0
proftpd,chatafl,nodes,275,20.0
proftpd,chatafl,nodes,276,20.0
proftpd,chatafl,nodes,277,20.0
proftpd,chatafl,nodes,278,20.0
proftpd,chatafl,nodes,279,20.0
proftpd,chatafl,nodes,280,20.0
proftpd,chatafl,nodes,281,20.0
proftpd,chatafl,nodes,282,20.0
proftpd,chatafl,nodes,283,20.0
proftpd,chatafl,nodes,284,20.0
proftpd,chatafl,nodes,285,20.0
proftpd,chatafl,nodes,286,20.0
proftpd,chatafl,nodes,287,20.0
proftpd,chatafl,nodes,288,20.0
proftpd,chatafl,nodes,289,20.0
proftpd,chatafl,nodes,290,20.0
proftpd,chatafl,nodes,291,20.0
proftpd,chatafl,nodes,292,20.0
proftpd,chatafl,nodes,293,20.0
proftpd,chatafl,nodes,294,20.0
proftpd,chatafl,nodes,295,20.0
proftpd,chatafl,nodes,296,20.0
proftpd,chatafl,nodes,297,20.0
proftpd,chatafl,nodes,298,20.0
proftpd,chatafl,nodes,299,20.0
proftpd,chatafl,nodes,300,20.0
proftpd,chatafl,nodes,301,20.0
proftpd,chatafl,nodes,302,20.0
proftpd,chatafl,nodes,303,20.0
proftpd,chatafl,nodes,304,20.0
proftpd,chatafl,nodes,305,20.0
proftpd,chatafl,nodes,306,20.0
proftpd,chatafl,nodes,307,20.0
proftpd,chatafl,nodes,308,20.0
proftpd,chatafl,nodes,309,20.0
proftpd,chatafl,nodes,310,20.0
proftpd,chatafl,nodes,311,20.0
proftpd,chatafl,nodes,312,20.0
proftpd,chatafl,nodes,313,20.0
proftpd,chatafl,nodes,314,20.0
proftpd,chatafl,nodes,315,20.0
proftpd,chatafl,nodes,316,20.0
proftpd,chatafl,nodes,317,20.0
proftpd,chatafl,nodes,318,20.0
proftpd,chatafl,nodes,319,20.0
proftpd,chatafl,nodes,320,20.0
proftpd,chatafl,nodes,321,20.0
proftpd,chatafl,nodes,322,20.0
proftpd,chatafl,nodes,323,20.0
proftpd,chatafl,nodes,324,20.0
proftpd,chatafl,nodes,325,20.0
proftpd,chatafl,nodes,326,20.0
proftpd,chatafl,nodes,327,20.0
proftpd,chatafl,nodes,328,20.0
proftpd,chatafl,nodes,329,20.0
proftpd,chatafl,nodes,330,20.0
proftpd,chatafl,nodes,331,20.0
proftpd,chatafl,nodes,332,20.0
proftpd,chatafl,nodes,333,20.0
proftpd,chatafl,nodes,334,20.0
proftpd,chatafl,nodes,335,20.0
proftpd,chatafl,nodes,336,20.0
proftpd,chatafl,nodes,337,20.0
proftpd,chatafl,nodes,338,20.0
proftpd,chatafl,nodes,339,20.0
proftpd,chatafl,nodes,340,20.0
proftpd,chatafl,nodes,341,20.0
proftpd,chatafl,nodes,342,20.0
proftpd,chatafl,nodes,343,20.0
proftpd,chatafl,nodes,344,20.0
proftpd,chatafl,nodes,345,20.0
proftpd,chatafl,nodes,346,20.0
proftpd,chatafl,nodes,347,20.0
proftpd,chatafl,nodes,348,20.0
proftpd,chatafl,nodes,349,20.0
proftpd,chatafl,nodes,350,20.0
proftpd,chatafl,nodes,351,20.0
proftpd,chatafl,nodes,352,20.0
proftpd,chatafl,nodes,353,20.0
proftpd,chatafl,nodes,354,20.0
proftpd,chatafl,nodes,355,20.0
proftpd,chatafl,nodes,356,20.0
proftpd,chatafl,nodes,357,20.0
proftpd,chatafl,nodes,358,20.0
proftpd,chatafl,nodes,359,20.0
proftpd,chatafl,nodes,360,20.0
proftpd,chatafl,nodes,361,20.0
proftpd,chatafl,nodes,362,20.0
proftpd,chatafl,nodes,363,20.0
proftpd,chatafl,nodes,364,20.0
proftpd,chatafl,nodes,365,20.0
proftpd,chatafl,nodes,366,20.0
proftpd,chatafl,nodes,367,20.0
proftpd,chatafl,nodes,368,20.0
proftpd,chatafl,nodes,369,20.0
proftpd,chatafl,nodes,370,20.0
proftpd,chatafl,nodes,371,20.0
proftpd,chatafl,nodes,372,20.0
proftpd,chatafl,nodes,373,20.0
proftpd,chatafl,nodes,374,20.0
proftpd,chatafl,nodes,375,20.0
proftpd,chatafl,nodes,376,20.0
proftpd,chatafl,nodes,377,20.0
proftpd,chatafl,nodes,378,20.0
proftpd,chatafl,nodes,379,20.0
proftpd,chatafl,nodes,380,20.0
proftpd,chatafl,nodes,381,20.0
proftpd,chatafl,nodes,382,20.0
proftpd,chatafl,nodes,383,20.0
proftpd,chatafl,nodes,384,20.0
proftpd,chatafl,nodes,385,20.0
proftpd,chatafl,nodes,386,20.0
proftpd,chatafl,nodes,387,20.0
proftpd,chatafl,nodes,388,20.0
proftpd,chatafl,nodes,389,20.0
proftpd,chatafl,nodes,390,20.0
proftpd,chatafl,nodes,391,20.0
proftpd,chatafl,nodes,392,20.0
proftpd,chatafl,nodes,393,20.0
proftpd,chatafl,nodes,394,20.0
proftpd,chatafl,nodes,395,20.0
proftpd,chatafl,nodes,396,20.0
proftpd,chatafl,nodes,397,20.0
proftpd,chatafl,nodes,398,20.0
proftpd,chatafl,nodes,399,20.0
proftpd,chatafl,nodes,400,20.0
proftpd,chatafl,nodes,401,20.0
proftpd,chatafl,nodes,402,20.0
proftpd,chatafl,nodes,403,20.0
proftpd,chatafl,nodes,404,20.0
proftpd,chatafl,nodes,405,20.0
proftpd,chatafl,nodes,406,20.0
proftpd,chatafl,nodes,407,20.0
proftpd,chatafl,nodes,408,20.0
proftpd,chatafl,nodes,409,20.0
proftpd,chatafl,nodes,410,20.0
proftpd,chatafl,nodes,411,20.0
proftpd,chatafl,nodes,412,20.0
proftpd,chatafl,nodes,413,20.0
proftpd,chatafl,nodes,414,20.0
proftpd,chatafl,nodes,415,20.0
proftpd,chatafl,nodes,416,20.0
proftpd,chatafl,nodes,417,20.0
proftpd,chatafl,nodes,418,20.0
proftpd,chatafl,nodes,419,20.0
proftpd,chatafl,nodes,420,20.0
proftpd,chatafl,nodes,421,20.0
proftpd,chatafl,nodes,422,20.0
proftpd,chatafl,nodes,423,20.0
proftpd,chatafl,nodes,424,20.0
proftpd,chatafl,nodes,425,20.0
proftpd,chatafl,nodes,426,20.0
proftpd,chatafl,nodes,427,20.0
proftpd,chatafl,nodes,428,20.0
proftpd,chatafl,nodes,429,20.0
proftpd,chatafl,nodes,430,20.0
proftpd,chatafl,nodes,431,20.0
proftpd,chatafl,nodes,432,20.0
proftpd,chatafl,nodes,433,20.0
proftpd,chatafl,nodes,434,20.0
proftpd,chatafl,nodes,435,20.0
proftpd,chatafl,nodes,436,20.0
proftpd,chatafl,nodes,437,20.0
proftpd,chatafl,nodes,438,20.0
proftpd,chatafl,nodes,439,20.0
proftpd,chatafl,nodes,440,20.0
proftpd,chatafl,nodes,441,20.0
proftpd,chatafl,nodes,442,20.0
proftpd,chatafl,nodes,443,20.0
proftpd,chatafl,nodes,444,20.0
proftpd,chatafl,nodes,445,20.0
proftpd,chatafl,nodes,446,20.0
proftpd,chatafl,nodes,447,20.0
proftpd,chatafl,nodes,448,20.0
proftpd,chatafl,nodes,449,20.0
proftpd,chatafl,nodes,450,20.0
proftpd,chatafl,nodes,451,20.0
proftpd,chatafl,nodes,452,20.0
proftpd,chatafl,nodes,453,20.0
proftpd,chatafl,nodes,454,20.0
proftpd,chatafl,nodes,455,20.0
proftpd,chatafl,nodes,456,20.0
proftpd,chatafl,nodes,457,20.0
proftpd,chatafl,nodes,458,20.0
proftpd,chatafl,nodes,459,20.0
proftpd,chatafl,nodes,460,20.0
proftpd,chatafl,nodes,461,20.0
proftpd,chatafl,nodes,462,20.0
proftpd,chatafl,nodes,463,20.0
proftpd,chatafl,nodes,464,20.0
proftpd,chatafl,nodes,465,20.0
proftpd,chatafl,nodes,466,20.0
proftpd,chatafl,nodes,467,20.0
proftpd,chatafl,nodes,468,20.0
proftpd,chatafl,nodes,469,20.0
proftpd,chatafl,nodes,470,20.0
proftpd,chatafl,nodes,471,20.0
proftpd,chatafl,nodes,472,20.0
proftpd,chatafl,nodes,473,20.0
proftpd,chatafl,nodes,474,20.0
proftpd,chatafl,nodes,475,20.0
proftpd,chatafl,nodes,476,20.0
proftpd,chatafl,nodes,477,20.0
proftpd,chatafl,nodes,478,20.0
proftpd,chatafl,nodes,479,20.0
proftpd,chatafl,nodes,480,20.0
proftpd,chatafl,edges,0,0.0
proftpd,chatafl,edges,1,29.0
proftpd,chatafl,edges,2,30.0
proftpd,chatafl,edges,3,30.0
proftpd,chatafl,edges,4,32.0
proftpd,chatafl,edges,5,51.0
proftpd,chatafl,edges,6,52.0
proftpd,chatafl,edges,7,61.0
proftpd,chatafl,edges,8,63.0
proftpd,chatafl,edges,9,67.0
proftpd,chatafl,edges,10,67.0
proftpd,chatafl,edges,11,69.0
proftpd,chatafl,edges,12,73.0
proftpd,chatafl,edges,13,73.0
proftpd,chatafl,edges,14,74.0
proftpd,chatafl,edges,15,74.0
proftpd,chatafl,edges,16,75.0
proftpd,chatafl,edges,17,77.0
proftpd,chatafl,edges,18,78.0
proftpd,chatafl,edges,19,78.0
proftpd,chatafl,edges,20,83.0
proftpd,chatafl,edges,21,83.0
proftpd,chatafl,edges,22,86.0
proftpd,chatafl,edges,23,90.0
proftpd,chatafl,edges,24,90.0
proftpd,chatafl,edges,25,91.0
proftpd,chatafl,edges,26,96.0
proftpd,chatafl,edges,27,97.0
proftpd,chatafl,edges,28,98.0
proftpd,chatafl,edges,29,99.0
proftpd,chatafl,edges,30,101.0
proftpd,chatafl,edges,31,101.0
proftpd,chatafl,edges,32,101.0
proftpd,chatafl,edges,33,102.0
proftpd,chatafl,edges,34,102.0
proftpd,chatafl,edges,35,102.0
proftpd,chatafl,edges,36,102.0
proftpd,chatafl,edges,37,102.0
proftpd,chatafl,edges,38,102.0
proftpd,chatafl,edges,39,102.0
proftpd,chatafl,edges,40,102.0
proftpd,chatafl,edges,41,102.0
proftpd,chatafl,edges,42,102.0
proftpd,chatafl,edges,43,102.0
proftpd,chatafl,edges,44,102.0
proftpd,chatafl,edges,45,102.0
proftpd,chatafl,edges,46,109.0
proftpd,chatafl,edges,47,109.0
proftpd,chatafl,edges,48,110.0
proftpd,chatafl,edges,49,110.0
proftpd,chatafl,edges,50,110.0
proftpd,chatafl,edges,51,110.0
proftpd,chatafl,edges,52,110.0
proftpd,chatafl,edges,53,110.0
proftpd,chatafl,edges,54,110.0
proftpd,chatafl,edges,55,110.0
proftpd,chatafl,edges,56,112.0
proftpd,chatafl,edges,57,112.0
proftpd,chatafl,edges,58,112.0
proftpd,chatafl,edges,59,112.0
proftpd,chatafl,edges,60,112.0
proftpd,chatafl,edges,61,112.0
proftpd,chatafl,edges,62,112.0
proftpd,chatafl,edges,63,112.0
proftpd,chatafl,edges,64,112.0
proftpd,chatafl,edges,65,112.0
proftpd,chatafl,edges,66,112.0
proftpd,chatafl,edges,67,112.0
proftpd,chatafl,edges,68,112.0
proftpd,chatafl,edges,69,112.0
proftpd,chatafl,edges,70,112.0
proftpd,chatafl,edges,71,112.0
proftpd,chatafl,edges,72,113.0
proftpd,chatafl,edges,73,113.0
proftpd,chatafl,edges,74,114.0
proftpd,chatafl,edges,75,114.0
proftpd,chatafl,edges,76,114.0
proftpd,chatafl,edges,77,114.0
proftpd,chatafl,edges,78,114.0
proftpd,chatafl,edges,79,114.0
proftpd,chatafl,edges,80,114.0
proftpd,chatafl,edges,81,114.0
proftpd,chatafl,edges,82,114.0
proftpd,chatafl,edges,83,114.0
proftpd,chatafl,edges,84,114.0
proftpd,chatafl,edges,85,114.0
proftpd,chatafl,edges,86,115.0
proftpd,chatafl,edges,87,115.0
proftpd,chatafl,edges,88,115.0
proftpd,chatafl,edges,89,116.0
proftpd,chatafl,edges,90,116.0
proftpd,chatafl,edges,91,117.0
proftpd,chatafl,edges,92,117.0
proftpd,chatafl,edges,93,117.0
proftpd,chatafl,edges,94,117.0
proftpd,chatafl,edges,95,118.0
proftpd,chatafl,edges,96,118.0
proftpd,chatafl,edges,97,118.0
proftpd,chatafl,edges,98,118.0
proftpd,chatafl,edges,99,118.0
proftpd,chatafl,edges,100,118.0
proftpd,chatafl,edges,101,118.0
proftpd,chatafl,edges,102,118.0
proftpd,chatafl,edges,103,118.0
proftpd,chatafl,edges,104,118.0
proftpd,chatafl,edges,105,118.0
proftpd,chatafl,edges,106,118.0
proftpd,chatafl,edges,107,118.0
proftpd,chatafl,edges,108,118.0
proftpd,chatafl,edges,109,118.0
proftpd,chatafl,edges,110,118.0
proftpd,chatafl,edges,111,118.0
proftpd,chatafl,edges,112,118.0
proftpd,chatafl,edges,113,118.0
proftpd,chatafl,edges,114,118.0
proftpd,chatafl,edges,115,118.0
proftpd,chatafl,edges,116,118.0
proftpd,chatafl,edges,117,118.0
proftpd,chatafl,edges,118,118.0
proftpd,chatafl,edges,119,118.0
proftpd,chatafl,edges,120,118.0
proftpd,chatafl,edges,121,118.0
proftpd,chatafl,edges,122,118.0
proftpd,chatafl,edges,123,118.0
proftpd,chatafl,edges,124,118.0
proftpd,chatafl,edges,125,118.0
proftpd,chatafl,edges,126,119.0
proftpd,chatafl,edges,127,119.0
proftpd,chatafl,edges,128,119.0
proftpd,chatafl,edges,129,119.0
proftpd,chatafl,edges,130,119.0
proftpd,chatafl,edges,131,119.0
proftpd,chatafl,edges,132,119.0
proftpd,chatafl,edges,133,119.0
proftpd,chatafl,edges,134,119.0
proftpd,chatafl,edges,135,120.0
proftpd,chatafl,edges,136,120.0
proftpd,chatafl,edges,137,121.0
proftpd,chatafl,edges,138,121.0
proftpd,chatafl,edges,139,121.0
proftpd,chatafl,edges,140,121.0
proftpd,chatafl,edges,141,121.0
proftpd,chatafl,edges,142,121.0
proftpd,chatafl,edges,143,121.0
proftpd,chatafl,edges,144,121.0
proftpd,chatafl,edges,145,123.0
proftpd,chatafl,edges,146,123.0
proftpd,chatafl,edges,147,124.0
proftpd,chatafl,edges,148,124.0
proftpd,chatafl,edges,149,124.0
proftpd,chatafl,edges,150,124.0
proftpd,chatafl,edges,151,124.0
proftpd,chatafl,edges,152,124.0
proftpd,chatafl,edges,153,124.0
proftpd,chatafl,edges,154,124.0
proftpd,chatafl,edges,155,124.0
proftpd,chatafl,edges,156,124.0
proftpd,chatafl,edges,157,124.0
proftpd,chatafl,edges,158,124.0
proftpd,chatafl,edges,159,124.0
proftpd,chatafl,edges,160,124.0
proftpd,chatafl,edges,161,124.0
proftpd,chatafl,edges,162,124.0
proftpd,chatafl,edges,163,124.0
proftpd,chatafl,edges,164,124.0
proftpd,chatafl,edges,165,124.0
proftpd,chatafl,edges,166,124.0
proftpd,chatafl,edges,167,124.0
proftpd,chatafl,edges,168,124.0
proftpd,chatafl,edges,169,124.0
proftpd,chatafl,edges,170,124.0
proftpd,chatafl,edges,171,124.0
proftpd,chatafl,edges,172,124.0
proftpd,chatafl,edges,173,124.0
proftpd,chatafl,edges,174,124.0
proftpd,chatafl,edges,175,124.0
proftpd,chatafl,edges,176,124.0
proftpd,chatafl,edges,177,125.0
proftpd,chatafl,edges,178,125.0
proftpd,chatafl,edges,179,125.0
proftpd,chatafl,edges,180,125.0
proftpd,chatafl,edges,181,125.0
proftpd,chatafl,edges,182,125.0
proftpd,chatafl,edges,183,125.0
proftpd,chatafl,edges,184,125.0
proftpd,chatafl,edges,185,125.0
proftpd,chatafl,edges,186,125.0
proftpd,chatafl,edges,187,125.0
proftpd,chatafl,edges,188,125.0
proftpd,chatafl,edges,189,125.0
proftpd,chatafl,edges,190,125.0
proftpd,chatafl,edges,191,125.0
proftpd,chatafl,edges,192,125.0
proftpd,chatafl,edges,193,125.0
proftpd,chatafl,edges,194,125.0
proftpd,chatafl,edges,195,125.0
proftpd,chatafl,edges,196,125.0
proftpd,chatafl,edges,197,125.0
proftpd,chatafl,edges,198,126.0
proftpd,chatafl,edges,199,126.0
proftpd,chatafl,edges,200,138.0
proftpd,chatafl,edges,201,142.0
proftpd,chatafl,edges,202,142.0
proftpd,chatafl,edges,203,142.0
proftpd,chatafl,edges,204,142.0
proftpd,chatafl,edges,205,142.0
proftpd,chatafl,edges,206,142.0
proftpd,chatafl,edges,207,142.0
proftpd,chatafl,edges,208,142.0
proftpd,chatafl,edges,209,142.0
proftpd,chatafl,edges,210,146.0
proftpd,chatafl,edges,211,147.0
proftpd,chatafl,edges,212,147.0
proftpd,chatafl,edges,213,147.0
proftpd,chatafl,edges,214,147.0
proftpd,chatafl,edges,215,147.0
proftpd,chatafl,edges,216,147.0
proftpd,chatafl,edges,217,147.0
proftpd,chatafl,edges,218,147.0
proftpd,chatafl,edges,219,147.0
proftpd,chatafl,edges,220,147.0
proftpd,chatafl,edges,221,147.0
proftpd,chatafl,edges,222,147.0
proftpd,chatafl,edges,223,147.0
proftpd,chatafl,edges,224,147.0
proftpd,chatafl,edges,225,147.0
proftpd,chatafl,edges,226,149.0
proftpd,chatafl,edges,227,149.0
proftpd,chatafl,edges,228,149.0
proftpd,chatafl,edges,229,149.0
proftpd,chatafl,edges,230,149.0
proftpd,chatafl,edges,231,149.0
proftpd,chatafl,edges,232,149.0
proftpd,chatafl,edges,233,149.0
proftpd,chatafl,edges,234,149.0
proftpd,chatafl,edges,235,149.0
proftpd,chatafl,edges,236,149.0
proftpd,chatafl,edges,237,149.0
proftpd,chatafl,edges,238,149.0
proftpd,chatafl,edges,239,149.0
proftpd,chatafl,edges,240,149.0
proftpd,chatafl,edges,241,149.0
proftpd,chatafl,edges,242,149.0
proftpd,chatafl,edges,243,149.0
proftpd,chatafl,edges,244,149.0
proftpd,chatafl,edges,245,149.0
proftpd,chatafl,edges,246,149.0
proftpd,chatafl,edges,247,151.0
proftpd,chatafl,edges,248,151.0
proftpd,chatafl,edges,249,151.0
proftpd,chatafl,edges,250,151.0
proftpd,chatafl,edges,251,151.0
proftpd,chatafl,edges,252,151.0
proftpd,chatafl,edges,253,151.0
proftpd,chatafl,edges,254,151.0
proftpd,chatafl,edges,255,151.0
proftpd,chatafl,edges,256,151.0
proftpd,chatafl,edges,257,151.0
proftpd,chatafl,edges,258,151.0
proftpd,chatafl,edges,259,151.0
proftpd,chatafl,edges,260,151.0
proftpd,chatafl,edges,261,151.0
proftpd,chatafl,edges,262,151.0
proftpd,chatafl,edges,263,151.0
proftpd,chatafl,edges,264,151.0
proftpd,chatafl,edges,265,151.0
proftpd,chatafl,edges,266,151.0
proftpd,chatafl,edges,267,151.0
proftpd,chatafl,edges,268,151.0
proftpd,chatafl,edges,269,151.0
proftpd,chatafl,edges,270,151.0
proftpd,chatafl,edges,271,151.0
proftpd,chatafl,edges,272,151.0
proftpd,chatafl,edges,273,151.0
proftpd,chatafl,edges,274,151.0
proftpd,chatafl,edges,275,151.0
proftpd,chatafl,edges,276,151.0
proftpd,chatafl,edges,277,152.0
proftpd,chatafl,edges,278,152.0
proftpd,chatafl,edges,279,152.0
proftpd,chatafl,edges,280,152.0
proftpd,chatafl,edges,281,152.0
proftpd,chatafl,edges,282,152.0
proftpd,chatafl,edges,283,152.0
proftpd,chatafl,edges,284,152.0
proftpd,chatafl,edges,285,152.0
proftpd,chatafl,edges,286,152.0
proftpd,chatafl,edges,287,152.0
proftpd,chatafl,edges,288,152.0
proftpd,chatafl,edges,289,152.0
proftpd,chatafl,edges,290,152.0
proftpd,chatafl,edges,291,152.0
proftpd,chatafl,edges,292,152.0
proftpd,chatafl,edges,293,152.0
proftpd,chatafl,edges,294,152.0
proftpd,chatafl,edges,295,152.0
proftpd,chatafl,edges,296,153.0
proftpd,chatafl,edges,297,153.0
proftpd,chatafl,edges,298,153.0
proftpd,chatafl,edges,299,153.0
proftpd,chatafl,edges,300,153.0
proftpd,chatafl,edges,301,153.0
proftpd,chatafl,edges,302,153.0
proftpd,chatafl,edges,303,154.0
proftpd,chatafl,edges,304,154.0
proftpd,chatafl,edges,305,154.0
proftpd,chatafl,edges,306,154.0
proftpd,chatafl,edges,307,154.0
proftpd,chatafl,edges,308,154.0
proftpd,chatafl,edges,309,154.0
proftpd,chatafl,edges,310,154.0
proftpd,chatafl,edges,311,154.0
proftpd,chatafl,edges,312,154.0
proftpd,chatafl,edges,313,154.0
proftpd,chatafl,edges,314,154.0
proftpd,chatafl,edges,315,154.0
proftpd,chatafl,edges,316,154.0
proftpd,chatafl,edges,317,154.0
proftpd,chatafl,edges,318,154.0
proftpd,chatafl,edges,319,154.0
proftpd,chatafl,edges,320,154.0
proftpd,chatafl,edges,321,154.0
proftpd,chatafl,edges,322,154.0
proftpd,chatafl,edges,323,154.0
proftpd,chatafl,edges,324,154.0
proftpd,chatafl,edges,325,154.0
proftpd,chatafl,edges,326,154.0
proftpd,chatafl,edges,327,154.0
proftpd,chatafl,edges,328,154.0
proftpd,chatafl,edges,329,154.0
proftpd,chatafl,edges,330,154.0
proftpd,chatafl,edges,331,154.0
proftpd,chatafl,edges,332,154.0
proftpd,chatafl,edges,333,154.0
proftpd,chatafl,edges,334,154.0
proftpd,chatafl,edges,335,154.0
proftpd,chatafl,edges,336,154.0
proftpd,chatafl,edges,337,154.0
proftpd,chatafl,edges,338,154.0
proftpd,chatafl,edges,339,154.0
proftpd,chatafl,edges,340,154.0
proftpd,chatafl,edges,341,154.0
proftpd,chatafl,edges,342,154.0
proftpd,chatafl,edges,343,154.0
proftpd,chatafl,edges,344,154.0
proftpd,chatafl,edges,345,154.0
proftpd,chatafl,edges,346,154.0
proftpd,chatafl,edges,347,154.0
proftpd,chatafl,edges,348,154.0
proftpd,chatafl,edges,349,154.0
proftpd,chatafl,edges,350,154.0
proftpd,chatafl,edges,351,154.0
proftpd,chatafl,edges,352,154.0
proftpd,chatafl,edges,353,154.0
proftpd,chatafl,edges,354,154.0
proftpd,chatafl,edges,355,154.0
proftpd,chatafl,edges,356,154.0
proftpd,chatafl,edges,357,154.0
proftpd,chatafl,edges,358,154.0
proftpd,chatafl,edges,359,154.0
proftpd,chatafl,edges,360,154.0
proftpd,chatafl,edges,361,154.0
proftpd,chatafl,edges,362,154.0
proftpd,chatafl,edges,363,154.0
proftpd,chatafl,edges,364,154.0
proftpd,chatafl,edges,365,154.0
proftpd,chatafl,edges,366,154.0
proftpd,chatafl,edges,367,154.0
proftpd,chatafl,edges,368,154.0
proftpd,chatafl,edges,369,154.0
proftpd,chatafl,edges,370,154.0
proftpd,chatafl,edges,371,154.0
proftpd,chatafl,edges,372,154.0
proftpd,chatafl,edges,373,154.0
proftpd,chatafl,edges,374,154.0
proftpd,chatafl,edges,375,154.0
proftpd,chatafl,edges,376,154.0
proftpd,chatafl,edges,377,154.0
proftpd,chatafl,edges,378,154.0
proftpd,chatafl,edges,379,154.0
proftpd,chatafl,edges,380,154.0
proftpd,chatafl,edges,381,154.0
proftpd,chatafl,edges,382,154.0
proftpd,chatafl,edges,383,154.0
proftpd,chatafl,edges,384,154.0
proftpd,chatafl,edges,385,154.0
proftpd,chatafl,edges,386,154.0
proftpd,chatafl,edges,387,154.0
proftpd,chatafl,edges,388,154.0
proftpd,chatafl,edges,389,154.0
proftpd,chatafl,edges,390,154.0
proftpd,chatafl,edges,391,154.0
proftpd,chatafl,edges,392,154.0
proftpd,chatafl,edges,393,154.0
proftpd,chatafl,edges,394,154.0
proftpd,chatafl,edges,395,154.0
proftpd,chatafl,edges,396,154.0
proftpd,chatafl,edges,397,154.0
proftpd,chatafl,edges,398,154.0
proftpd,chatafl,edges,399,154.0
proftpd,chatafl,edges,400,154.0
proftpd,chatafl,edges,401,154.0
proftpd,chatafl,edges,402,154.0
proftpd,chatafl,edges,403,154.0
proftpd,chatafl,edges,404,154.0
proftpd,chatafl,edges,405,154.0
proftpd,chatafl,edges,406,154.0
proftpd,chatafl,edges,407,154.0
proftpd,chatafl,edges,408,154.0
proftpd,chatafl,edges,409,154.0
proftpd,chatafl,edges,410,154.0
proftpd,chatafl,edges,411,154.0
proftpd,chatafl,edges,412,154.0
proftpd,chatafl,edges,413,154.0
proftpd,chatafl,edges,414,154.0
proftpd,chatafl,edges,415,154.0
proftpd,chatafl,edges,416,154.0
proftpd,chatafl,edges,417,154.0
proftpd,chatafl,edges,418,154.0
proftpd,chatafl,edges,419,154.0
proftpd,chatafl,edges,420,154.0
proftpd,chatafl,edges,421,154.0
proftpd,chatafl,edges,422,154.0
proftpd,chatafl,edges,423,154.0
proftpd,chatafl,edges,424,154.0
proftpd,chatafl,edges,425,154.0
proftpd,chatafl,edges,426,154.0
proftpd,chatafl,edges,427,154.0
proftpd,chatafl,edges,428,154.0
proftpd,chatafl,edges,429,154.0
proftpd,chatafl,edges,430,154.0
proftpd,chatafl,edges,431,154.0
proftpd,chatafl,edges,432,154.0
proftpd,chatafl,edges,433,154.0
proftpd,chatafl,edges,434,154.0
proftpd,chatafl,edges,435,154.0
proftpd,chatafl,edges,436,154.0
proftpd,chatafl,edges,437,154.0
proftpd,chatafl,edges,438,154.0
proftpd,chatafl,edges,439,154.0
proftpd,chatafl,edges,440,154.0
proftpd,chatafl,edges,441,154.0
proftpd,chatafl,edges,442,154.0
proftpd,chatafl,edges,443,154.0
proftpd,chatafl,edges,444,154.0
proftpd,chatafl,edges,445,154.0
proftpd,chatafl,edges,446,154.0
proftpd,chatafl,edges,447,154.0
proftpd,chatafl,edges,448,154.0
proftpd,chatafl,edges,449,154.0
proftpd,chatafl,edges,450,154.0
proftpd,chatafl,edges,451,154.0
proftpd,chatafl,edges,452,154.0
proftpd,chatafl,edges,453,154.0
proftpd,chatafl,edges,454,154.0
proftpd,chatafl,edges,455,154.0
proftpd,chatafl,edges,456,154.0
proftpd,chatafl,edges,457,154.0
proftpd,chatafl,edges,458,154.0
proftpd,chatafl,edges,459,154.0
proftpd,chatafl,edges,460,154.0
proftpd,chatafl,edges,461,154.0
proftpd,chatafl,edges,462,154.0
proftpd,chatafl,edges,463,154.0
proftpd,chatafl,edges,464,154.0
proftpd,chatafl,edges,465,154.0
proftpd,chatafl,edges,466,154.0
proftpd,chatafl,edges,467,154.0
proftpd,chatafl,edges,468,154.0
proftpd,chatafl,edges,469,154.0
proftpd,chatafl,edges,470,154.0
proftpd,chatafl,edges,471,154.0
proftpd,chatafl,edges,472,154.0
proftpd,chatafl,edges,473,154.0
proftpd,chatafl,edges,474,154.0
proftpd,chatafl,edges,475,154.0
proftpd,chatafl,edges,476,154.0
proftpd,chatafl,edges,477,154.0
proftpd,chatafl,edges,478,154.0
proftpd,chatafl,edges,479,154.0
proftpd,chatafl,edges,480,154.0
proftpd,xpgfuzz,nodes,0,0.0
proftpd,xpgfuzz,nodes,1,14.0
proftpd,xpgfuzz,nodes,2,14.0
proftpd,xpgfuzz,nodes,3,14.0
proftpd,xpgfuzz,nodes,4,14.0
proftpd,xpgfuzz,nodes,5,15.0
proftpd,xpgfuzz,nodes,6,17.0
proftpd,xpgfuzz,nodes,7,17.0
proftpd,xpgfuzz,nodes,8,17.0
proftpd,xpgfuzz,nodes,9,17.0
proftpd,xpgfuzz,nodes,10,17.0
proftpd,xpgfuzz,nodes,11,17.0
proftpd,xpgfuzz,nodes,12,17.0
proftpd,xpgfuzz,nodes,13,17.0
proftpd,xpgfuzz,nodes,14,17.0
proftpd,xpgfuzz,nodes,15,17.0
proftpd,xpgfuzz,nodes,16,17.0
proftpd,xpgfuzz,nodes,17,17.0
proftpd,xpgfuzz,nodes,18,17.0
proftpd,xpgfuzz,nodes,19,17.0
proftpd,xpgfuzz,nodes,20,17.0
proftpd,xpgfuzz,nodes,21,17.0
proftpd,xpgfuzz,nodes,22,17.0
proftpd,xpgfuzz,nodes,23,17.0
proftpd,xpgfuzz,nodes,24,17.0
proftpd,xpgfuzz,nodes,25,17.0
proftpd,xpgfuzz,nodes,26,17.0
proftpd,xpgfuzz,nodes,27,17.0
proftpd,xpgfuzz,nodes,28,17.0
proftpd,xpgfuzz,nodes,29,17.0
proftpd,xpgfuzz,nodes,30,17.0
proftpd,xpgfuzz,nodes,31,17.0
proftpd,xpgfuzz,nodes,32,17.0
proftpd,xpgfuzz,nodes,33,17.0
proftpd,xpgfuzz,nodes,34,17.0
proftpd,xpgfuzz,nodes,35,17.0
proftpd,xpgfuzz,nodes,36,17.0
proftpd,xpgfuzz,nodes,37,17.0
proftpd,xpgfuzz,nodes,38,17.0
proftpd,xpgfuzz,nodes,39,17.0
proftpd,xpgfuzz,nodes,40,17.0
proftpd,xpgfuzz,nodes,41,17.0
proftpd,xpgfuzz,nodes,42,17.0
proftpd,xpgfuzz,nodes,43,18.0
proftpd,xpgfuzz,nodes,44,18.0
proftpd,xpgfuzz,nodes,45,19.0
proftpd,xpgfuzz,nodes,46,19.0
proftpd,xpgfuzz,nodes,47,19.0
proftpd,xpgfuzz,nodes,48,19.0
proftpd,xpgfuzz,nodes,49,19.0
proftpd,xpgfuzz,nodes,50,19.0
proftpd,xpgfuzz,nodes,51,19.0
proftpd,xpgfuzz,nodes,52,19.0
proftpd,xpgfuzz,nodes,53,19.0
proftpd,xpgfuzz,nodes,54,19.0
proftpd,xpgfuzz,nodes,55,19.0
proftpd,xpgfuzz,nodes,56,19.0
proftpd,xpgfuzz,nodes,57,19.0
proftpd,xpgfuzz,nodes,58,19.0
proftpd,xpgfuzz,nodes,59,19.0
proftpd,xpgfuzz,nodes,60,19.0
proftpd,xpgfuzz,nodes,61,19.0
proftpd,xpgfuzz,nodes,62,19.0
proftpd,xpgfuzz,nodes,63,19.0
proftpd,xpgfuzz,nodes,64,19.0
proftpd,xpgfuzz,nodes,65,19.0
proftpd,xpgfuzz,nodes,66,19.0
proftpd,xpgfuzz,nodes,67,19.0
proftpd,xpgfuzz,nodes,68,19.0
proftpd,xpgfuzz,nodes,69,19.0
proftpd,xpgfuzz,nodes,70,19.0
proftpd,xpgfuzz,nodes,71,19.0
proftpd,xpgfuzz,nodes,72,19.0
proftpd,xpgfuzz,nodes,73,19.0
proftpd,xpgfuzz,nodes,74,19.0
proftpd,xpgfuzz,nodes,75,19.0
proftpd,xpgfuzz,nodes,76,19.0
proftpd,xpgfuzz,nodes,77,19.0
proftpd,xpgfuzz,nodes,78,19.0
proftpd,xpgfuzz,nodes,79,19.0
proftpd,xpgfuzz,nodes,80,19.0
proftpd,xpgfuzz,nodes,81,19.0
proftpd,xpgfuzz,nodes,82,19.0
proftpd,xpgfuzz,nodes,83,19.0
proftpd,xpgfuzz,nodes,84,19.0
proftpd,xpgfuzz,nodes,85,19.0
proftpd,xpgfuzz,nodes,86,19.0
proftpd,xpgfuzz,nodes,87,19.0
proftpd,xpgfuzz,nodes,88,19.0
proftpd,xpgfuzz,nodes,89,19.0
proftpd,xpgfuzz,nodes,90,19.0
proftpd,xpgfuzz,nodes,91,19.0
proftpd,xpgfuzz,nodes,92,19.0
proftpd,xpgfuzz,nodes,93,19.0
proftpd,xpgfuzz,nodes,94,19.0
proftpd,xpgfuzz,nodes,95,19.0
proftpd,xpgfuzz,nodes,96,19.0
proftpd,xpgfuzz,nodes,97,19.0
proftpd,xpgfuzz,nodes,98,19.0
proftpd,xpgfuzz,nodes,99,19.0
proftpd,xpgfuzz,nodes,100,19.0
proftpd,xpgfuzz,nodes,101,19.0
proftpd,xpgfuzz,nodes,102,19.0
proftpd,xpgfuzz,nodes,103,19.0
proftpd,xpgfuzz,nodes,104,19.0
proftpd,xpgfuzz,nodes,105,19.0
proftpd,xpgfuzz,nodes,106,19.0
proftpd,xpgfuzz,nodes,107,19.0
proftpd,xpgfuzz,nodes,108,19.0
proftpd,xpgfuzz,nodes,109,19.0
proftpd,xpgfuzz,nodes,110,19.0
proftpd,xpgfuzz,nodes,111,19.0
proftpd,xpgfuzz,nodes,112,19.0
proftpd,xpgfuzz,nodes,113,19.0
proftpd,xpgfuzz,nodes,114,19.0
proftpd,xpgfuzz,nodes,115,19.0
proftpd,xpgfuzz,nodes,116,19.0
proftpd,xpgfuzz,nodes,117,19.0
proftpd,xpgfuzz,nodes,118,19.0
proftpd,xpgfuzz,nodes,119,19.0
proftpd,xpgfuzz,nodes,120,19.0
proftpd,xpgfuzz,nodes,121,19.0
proftpd,xpgfuzz,nodes,122,19.0
proftpd,xpgfuzz,nodes,123,19.0
proftpd,xpgfuzz,nodes,124,19.0
proftpd,xpgfuzz,nodes,125,19.0
proftpd,xpgfuzz,nodes,126,19.0
proftpd,xpgfuzz,nodes,127,19.0
proftpd,xpgfuzz,nodes,128,19.0
proftpd,xpgfuzz,nodes,129,19.0
proftpd,xpgfuzz,nodes,130,19.0
proftpd,xpgfuzz,nodes,131,19.0
proftpd,xpgfuzz,nodes,132,19.0
proftpd,xpgfuzz,nodes,133,19.0
proftpd,xpgfuzz,nodes,134,19.0
proftpd,xpgfuzz,nodes,135,19.0
proftpd,xpgfuzz,nodes,136,19.0
proftpd,xpgfuzz,nodes,137,19.0
proftpd,xpgfuzz,nodes,138,19.0
proftpd,xpgfuzz,nodes,139,19.0
proftpd,xpgfuzz,nodes,140,19.0
proftpd,xpgfuzz,nodes,141,19.0
proftpd,xpgfuzz,nodes,142,19.0
proftpd,xpgfuzz,nodes,143,19.0
proftpd,xpgfuzz,nodes,144,20.0
proftpd,xpgfuzz,nodes,145,20.0
proftpd,xpgfuzz,nodes,146,20.0
proftpd,xpgfuzz,nodes,147,20.0
proftpd,xpgfuzz,nodes,148,20.0
proftpd,xpgfuzz,nodes,149,20.0
proftpd,xpgfuzz,nodes,150,20.0
proftpd,xpgfuzz,nodes,151,20.0
proftpd,xpgfuzz,nodes,152,20.0
proftpd,xpgfuzz,nodes,153,20.0
proftpd,xpgfuzz,nodes,154,21.0
proftpd,xpgfuzz,nodes,155,21.0
proftpd,xpgfuzz,nodes,156,21.0
proftpd,xpgfuzz,nodes,157,21.0
proftpd,xpgfuzz,nodes,158,21.0
proftpd,xpgfuzz,nodes,159,21.0
proftpd,xpgfuzz,nodes,160,21.0
proftpd,xpgfuzz,nodes,161,21.0
proftpd,xpgfuzz,nodes,162,21.0
proftpd,xpgfuzz,nodes,163,21.0
proftpd,xpgfuzz,nodes,164,21.0
proftpd,xpgfuzz,nodes,165,22.0
proftpd,xpgfuzz,nodes,166,22.0
proftpd,xpgfuzz,nodes,167,22.0
proftpd,xpgfuzz,nodes,168,22.0
proftpd,xpgfuzz,nodes,169,22.0
proftpd,xpgfuzz,nodes,170,22.0
proftpd,xpgfuzz,nodes,171,22.0
proftpd,xpgfuzz,nodes,172,22.0
proftpd,xpgfuzz,nodes,173,22.0
proftpd,xpgfuzz,nodes,174,22.0
proftpd,xpgfuzz,nodes,175,22.0
proftpd,xpgfuzz,nodes,176,22.0
proftpd,xpgfuzz,nodes,177,22.0
proftpd,xpgfuzz,nodes,178,22.0
proftpd,xpgfuzz,nodes,179,22.0
proftpd,xpgfuzz,nodes,180,22.0
proftpd,xpgfuzz,nodes,181,22.0
proftpd,xpgfuzz,nodes,182,22.0
proftpd,xpgfuzz,nodes,183,22.0
proftpd,xpgfuzz,nodes,184,22.0
proftpd,xpgfuzz,nodes,185,22.0
proftpd,xpgfuzz,nodes,186,22.0
proftpd,xpgfuzz,nodes,187,22.0
proftpd,xpgfuzz,nodes,188,22.0
proftpd,xpgfuzz,nodes,189,22.0
proftpd,xpgfuzz,nodes,190,22.0
proftpd,xpgfuzz,nodes,191,22.0
proftpd,xpgfuzz,nodes,192,22.0
proftpd,xpgfuzz,nodes,193,22.0
proftpd,xpgfuzz,nodes,194,22.0
proftpd,xpgfuzz,nodes,195,22.0
proftpd,xpgfuzz,nodes,196,22.0
proftpd,xpgfuzz,nodes,197,22.0
proftpd,xpgfuzz,nodes,198,22.0
proftpd,xpgfuzz,nodes,199,22.0
proftpd,xpgfuzz,nodes,200,22.0
proftpd,xpgfuzz,nodes,201,22.0
proftpd,xpgfuzz,nodes,202,22.0
proftpd,xpgfuzz,nodes,203,22.0
proftpd,xpgfuzz,nodes,204,22.0
proftpd,xpgfuzz,nodes,205,22.0
proftpd,xpgfuzz,nodes,206,22.0
proftpd,xpgfuzz,nodes,207,22.0
proftpd,xpgfuzz,nodes,208,22.0
proftpd,xpgfuzz,nodes,209,22.0
proftpd,xpgfuzz,nodes,210,22.0
proftpd,xpgfuzz,nodes,211,22.0
proftpd,xpgfuzz,nodes,212,22.0
proftpd,xpgfuzz,nodes,213,22.0
proftpd,xpgfuzz,nodes,214,22.0
proftpd,xpgfuzz,nodes,215,22.0
proftpd,xpgfuzz,nodes,216,22.0
proftpd,xpgfuzz,nodes,217,22.0
proftpd,xpgfuzz,nodes,218,22.0
proftpd,xpgfuzz,nodes,219,22.0
proftpd,xpgfuzz,nodes,220,22.0
proftpd,xpgfuzz,nodes,221,22.0
proftpd,xpgfuzz,nodes,222,22.0
proftpd,xpgfuzz,nodes,223,22.0
proftpd,xpgfuzz,nodes,224,22.0
proftpd,xpgfuzz,nodes,225,22.0
proftpd,xpgfuzz,nodes,226,22.0
proftpd,xpgfuzz,nodes,227,22.0
proftpd,xpgfuzz,nodes,228,22.0
proftpd,xpgfuzz,nodes,229,22.0
proftpd,xpgfuzz,nodes,230,22.0
proftpd,xpgfuzz,nodes,231,22.0
proftpd,xpgfuzz,nodes,232,22.0
proftpd,xpgfuzz,nodes,233,22.0
proftpd,xpgfuzz,nodes,234,22.0
proftpd,xpgfuzz,nodes,235,22.0
proftpd,xpgfuzz,nodes,236,22.0
proftpd,xpgfuzz,nodes,237,22.0
proftpd,xpgfuzz,nodes,238,22.0
proftpd,xpgfuzz,nodes,239,22.0
proftpd,xpgfuzz,nodes,240,22.0
proftpd,xpgfuzz,nodes,241,22.0
proftpd,xpgfuzz,nodes,242,22.0
proftpd,xpgfuzz,nodes,243,22.0
proftpd,xpgfuzz,nodes,244,22.0
proftpd,xpgfuzz,nodes,245,22.0
proftpd,xpgfuzz,nodes,246,22.0
proftpd,xpgfuzz,nodes,247,22.0
proftpd,xpgfuzz,nodes,248,22.0
proftpd,xpgfuzz,nodes,249,22.0
proftpd,xpgfuzz,nodes,250,22.0
proftpd,xpgfuzz,nodes,251,22.0
proftpd,xpgfuzz,nodes,252,22.0
proftpd,xpgfuzz,nodes,253,22.0
proftpd,xpgfuzz,nodes,254,22.0
proftpd,xpgfuzz,nodes,255,22.0
proftpd,xpgfuzz,nodes,256,22.0
proftpd,xpgfuzz,nodes,257,22.0
proftpd,xpgfuzz,nodes,258,22.0
proftpd,xpgfuzz,nodes,259,22.0
proftpd,xpgfuzz,nodes,260,22.0
proftpd,xpgfuzz,nodes,261,22.0
proftpd,xpgfuzz,nodes,262,22.0
proftpd,xpgfuzz,nodes,263,22.0
proftpd,xpgfuzz,nodes,264,22.0
proftpd,xpgfuzz,nodes,265,22.0
proftpd,xpgfuzz,nodes,266,22.0
proftpd,xpgfuzz,nodes,267,22.0
proftpd,xpgfuzz,nodes,268,22.0
proftpd,xpgfuzz,nodes,269,22.0
proftpd,xpgfuzz,nodes,270,22.0
proftpd,xpgfuzz,nodes,271,22.0
proftpd,xpgfuzz,nodes,272,22.0
proftpd,xpgfuzz,nodes,273,22.0
proftpd,xpgfuzz,nodes,274,22.0
proftpd,xpgfuzz,nodes,275,22.0
proftpd,xpgfuzz,nodes,276,22.0
proftpd,xpgfuzz,nodes,277,22.0
proftpd,xpgfuzz,nodes,278,22.0
proftpd,xpgfuzz,nodes,279,22.0
proftpd,xpgfuzz,nodes,280,22.0
proftpd,xpgfuzz,nodes,281,22.0
proftpd,xpgfuzz,nodes,282,22.0
proftpd,xpgfuzz,nodes,283,22.0
proftpd,xpgfuzz,nodes,284,22.0
proftpd,xpgfuzz,nodes,285,22.0
proftpd,xpgfuzz,nodes,286,22.0
proftpd,xpgfuzz,nodes,287,22.0
proftpd,xpgfuzz,nodes,288,22.0
proftpd,xpgfuzz,nodes,289,22.0
proftpd,xpgfuzz,nodes,290,22.0
proftpd,xpgfuzz,nodes,291,22.0
proftpd,xpgfuzz,nodes,292,22.0
proftpd,xpgfuzz,nodes,293,22.0
proftpd,xpgfuzz,nodes,294,22.0
proftpd,xpgfuzz,nodes,295,22.0
proftpd,xpgfuzz,nodes,296,22.0
proftpd,xpgfuzz,nodes,297,22.0
proftpd,xpgfuzz,nodes,298,22.0
proftpd,xpgfuzz,nodes,299,22.0
proftpd,xpgfuzz,nodes,300,22.0
proftpd,xpgfuzz,nodes,301,22.0
proftpd,xpgfuzz,nodes,302,22.0
proftpd,xpgfuzz,nodes,303,22.0
proftpd,xpgfuzz,nodes,304,22.0
proftpd,xpgfuzz,nodes,305,22.0
proftpd,xpgfuzz,nodes,306,22.0
proftpd,xpgfuzz,nodes,307,22.0
proftpd,xpgfuzz,nodes,308,22.0
proftpd,xpgfuzz,nodes,309,22.0
proftpd,xpgfuzz,nodes,310,22.0
proftpd,xpgfuzz,nodes,311,22.0
proftpd,xpgfuzz,nodes,312,22.0
proftpd,xpgfuzz,nodes,313,22.0
proftpd,xpgfuzz,nodes,314,22.0
proftpd,xpgfuzz,nodes,315,22.0
proftpd,xpgfuzz,nodes,316,22.0
proftpd,xpgfuzz,nodes,317,22.0
proftpd,xpgfuzz,nodes,318,22.0
proftpd,xpgfuzz,nodes,319,22.0
proftpd,xpgfuzz,nodes,320,22.0
proftpd,xpgfuzz,nodes,321,22.0
proftpd,xpgfuzz,nodes,322,22.0
proftpd,xpgfuzz,nodes,323,22.0
proftpd,xpgfuzz,nodes,324,22.0
proftpd,xpgfuzz,nodes,325,22.0
proftpd,xpgfuzz,nodes,326,22.0
proftpd,xpgfuzz,nodes,327,22.0
proftpd,xpgfuzz,nodes,328,22.0
proftpd,xpgfuzz,nodes,329,22.0
proftpd,xpgfuzz,nodes,330,22.0
proftpd,xpgfuzz,nodes,331,22.0
proftpd,xpgfuzz,nodes,332,22.0
proftpd,xpgfuzz,nodes,333,22.0
proftpd,xpgfuzz,nodes,334,22.0
proftpd,xpgfuzz,nodes,335,22.0
proftpd,xpgfuzz,nodes,336,22.0
proftpd,xpgfuzz,nodes,337,22.0
proftpd,xpgfuzz,nodes,338,22.0
proftpd,xpgfuzz,nodes,339,22.0
proftpd,xpgfuzz,nodes,340,22.0
proftpd,xpgfuzz,nodes,341,22.0
proftpd,xpgfuzz,nodes,342,22.0
proftpd,xpgfuzz,nodes,343,22.0
proftpd,xpgfuzz,nodes,344,22.0
proftpd,xpgfuzz,nodes,345,22.0
proftpd,xpgfuzz,nodes,346,22.0
proftpd,xpgfuzz,nodes,347,22.0
proftpd,xpgfuzz,nodes,348,22.0
proftpd,xpgfuzz,nodes,349,22.0
proftpd,xpgfuzz,nodes,350,22.0
proftpd,xpgfuzz,nodes,351,22.0
proftpd,xpgfuzz,nodes,352,22.0
proftpd,xpgfuzz,nodes,353,22.0
proftpd,xpgfuzz,nodes,354,22.0
proftpd,xpgfuzz,nodes,355,22.0
proftpd,xpgfuzz,nodes,356,22.0
proftpd,xpgfuzz,nodes,357,22.0
proftpd,xpgfuzz,nodes,358,22.0
proftpd,xpgfuzz,nodes,359,22.0
proftpd,xpgfuzz,nodes,360,22.0
proftpd,xpgfuzz,nodes,361,22.0
proftpd,xpgfuzz,nodes,362,22.0
proftpd,xpgfuzz,nodes,363,22.0
proftpd,xpgfuzz,nodes,364,22.0
proftpd,xpgfuzz,nodes,365,22.0
proftpd,xpgfuzz,nodes,366,22.0
proftpd,xpgfuzz,nodes,367,22.0
proftpd,xpgfuzz,nodes,368,22.0
proftpd,xpgfuzz,nodes,369,22.0
proftpd,xpgfuzz,nodes,370,22.0
proftpd,xpgfuzz,nodes,371,22.0
proftpd,xpgfuzz,nodes,372,22.0
proftpd,xpgfuzz,nodes,373,22.0
proftpd,xpgfuzz,nodes,374,22.0
proftpd,xpgfuzz,nodes,375,22.0
proftpd,xpgfuzz,nodes,376,22.0
proftpd,xpgfuzz,nodes,377,22.0
proftpd,xpgfuzz,nodes,378,22.0
proftpd,xpgfuzz,nodes,379,22.0
proftpd,xpgfuzz,nodes,380,22.0
proftpd,xpgfuzz,nodes,381,22.0
proftpd,xpgfuzz,nodes,382,22.0
proftpd,xpgfuzz,nodes,383,22.0
proftpd,xpgfuzz,nodes,384,22.0
proftpd,xpgfuzz,nodes,385,22.0
proftpd,xpgfuzz,nodes,386,22.0
proftpd,xpgfuzz,nodes,387,22.0
proftpd,xpgfuzz,nodes,388,22.0
proftpd,xpgfuzz,nodes,389,22.0
proftpd,xpgfuzz,nodes,390,22.0
proftpd,xpgfuzz,nodes,391,22.0
proftpd,xpgfuzz,nodes,392,22.0
proftpd,xpgfuzz,nodes,393,22.0
proftpd,xpgfuzz,nodes,394,22.0
proftpd,xpgfuzz,nodes,395,22.0
proftpd,xpgfuzz,nodes,396,22.0
proftpd,xpgfuzz,nodes,397,22.0
proftpd,xpgfuzz,nodes,398,22.0
proftpd,xpgfuzz,nodes,399,22.0
proftpd,xpgfuzz,nodes,400,22.0
proftpd,xpgfuzz,nodes,401,22.0
proftpd,xpgfuzz,nodes,402,22.0
proftpd,xpgfuzz,nodes,403,22.0
proftpd,xpgfuzz,nodes,404,22.0
proftpd,xpgfuzz,nodes,405,22.0
proftpd,xpgfuzz,nodes,406,22.0
proftpd,xpgfuzz,nodes,407,22.0
proftpd,xpgfuzz,nodes,408,22.0
proftpd,xpgfuzz,nodes,409,22.0
proftpd,xpgfuzz,nodes,410,22.0
proftpd,xpgfuzz,nodes,411,22.0
proftpd,xpgfuzz,nodes,412,22.0
proftpd,xpgfuzz,nodes,413,22.0
proftpd,xpgfuzz,nodes,414,22.0
proftpd,xpgfuzz,nodes,415,22.0
proftpd,xpgfuzz,nodes,416,22.0
proftpd,xpgfuzz,nodes,417,22.0
proftpd,xpgfuzz,nodes,418,22.0
proftpd,xpgfuzz,nodes,419,22.0
proftpd,xpgfuzz,nodes,420,22.0
proftpd,xpgfuzz,nodes,421,22.0
proftpd,xpgfuzz,nodes,422,22.0
proftpd,xpgfuzz,nodes,423,22.0
proftpd,xpgfuzz,nodes,424,22.0
proftpd,xpgfuzz,nodes,425,22.0
proftpd,xpgfuzz,nodes,426,22.0
proftpd,xpgfuzz,nodes,427,22.0
proftpd,xpgfuzz,nodes,428,22.0
proftpd,xpgfuzz,nodes,429,22.0
proftpd,xpgfuzz,nodes,430,22.0
proftpd,xpgfuzz,nodes,431,22.0
proftpd,xpgfuzz,nodes,432,22.0
proftpd,xpgfuzz,nodes,433,22.0
proftpd,xpgfuzz,nodes,434,22.0
proftpd,xpgfuzz,nodes,435,22.0
proftpd,xpgfuzz,nodes,436,22.0
proftpd,xpgfuzz,nodes,437,22.0
proftpd,xpgfuzz,nodes,438,22.0
proftpd,xpgfuzz,nodes,439,22.0
proftpd,xpgfuzz,nodes,440,22.0
proftpd,xpgfuzz,nodes,441,22.0
proftpd,xpgfuzz,nodes,442,22.0
proftpd,xpgfuzz,nodes,443,22.0
proftpd,xpgfuzz,nodes,444,22.0
proftpd,xpgfuzz,nodes,445,22.0
proftpd,xpgfuzz,nodes,446,22.0
proftpd,xpgfuzz,nodes,447,22.0
proftpd,xpgfuzz,nodes,448,22.0
proftpd,xpgfuzz,nodes,449,22.0
proftpd,xpgfuzz,nodes,450,22.0
proftpd,xpgfuzz,nodes,451,22.0
proftpd,xpgfuzz,nodes,452,22.0
proftpd,xpgfuzz,nodes,453,22.0
proftpd,xpgfuzz,nodes,454,22.0
proftpd,xpgfuzz,nodes,455,22.0
proftpd,xpgfuzz,nodes,456,22.0
proftpd,xpgfuzz,nodes,457,22.0
proftpd,xpgfuzz,nodes,458,22.0
proftpd,xpgfuzz,nodes,459,22.0
proftpd,xpgfuzz,nodes,460,22.0
proftpd,xpgfuzz,nodes,461,22.0
proftpd,xpgfuzz,nodes,462,22.0
proftpd,xpgfuzz,nodes,463,22.0
proftpd,xpgfuzz,nodes,464,22.0
proftpd,xpgfuzz,nodes,465,22.0
proftpd,xpgfuzz,nodes,466,22.0
proftpd,xpgfuzz,nodes,467,22.0
proftpd,xpgfuzz,nodes,468,22.0
proftpd,xpgfuzz,nodes,469,22.0
proftpd,xpgfuzz,nodes,470,22.0
proftpd,xpgfuzz,nodes,471,22.0
proftpd,xpgfuzz,nodes,472,24.0
proftpd,xpgfuzz,nodes,473,24.0
proftpd,xpgfuzz,nodes,474,24.0
proftpd,xpgfuzz,nodes,475,24.0
proftpd,xpgfuzz,nodes,476,24.0
proftpd,xpgfuzz,nodes,477,24.0
proftpd,xpgfuzz,nodes,478,24.0
proftpd,xpgfuzz,nodes,479,24.0
proftpd,xpgfuzz,nodes,480,24.0
proftpd,xpgfuzz,edges,0,0.0
proftpd,xpgfuzz,edges,1,28.0
proftpd,xpgfuzz,edges,2,31.0
proftpd,xpgfuzz,edges,3,32.0
proftpd,xpgfuzz,edges,4,32.0
proftpd,xpgfuzz,edges,5,37.0
proftpd,xpgfuzz,edges,6,53.0
proftpd,xpgfuzz,edges,7,58.0
proftpd,xpgfuzz,edges,8,62.0
proftpd,xpgfuzz,edges,9,65.0
proftpd,xpgfuzz,edges,10,67.0
proftpd,xpgfuzz,edges,11,72.0
proftpd,xpgfuzz,edges,12,75.0
proftpd,xpgfuzz,edges,13,76.0
proftpd,xpgfuzz,edges,14,76.0
proftpd,xpgfuzz,edges,15,78.0
proftpd,xpgfuzz,edges,16,79.0
proftpd,xpgfuzz,edges,17,80.0
proftpd,xpgfuzz,edges,18,80.0
proftpd,xpgfuzz,edges,19,81.0
proftpd,xpgfuzz,edges,20,83.0
proftpd,xpgfuzz,edges,21,88.0
proftpd,xpgfuzz,edges,22,89.0
proftpd,xpgfuzz,edges,23,90.0
proftpd,xpgfuzz,edges,24,90.0
proftpd,xpgfuzz,edges,25,93.0
proftpd,xpgfuzz,edges,26,93.0
proftpd,xpgfuzz,edges,27,93.0
proftpd,xpgfuzz,edges,28,93.0
proftpd,xpgfuzz,edges,29,93.0
proftpd,xpgfuzz,edges,30,93.0
proftpd,xpgfuzz,edges,31,93.0
proftpd,xpgfuzz,edges,32,94.0
proftpd,xpgfuzz,edges,33,94.0
proftpd,xpgfuzz,edges,34,94.0
proftpd,xpgfuzz,edges,35,95.0
proftpd,xpgfuzz,edges,36,95.0
proftpd,xpgfuzz,edges,37,95.0
proftpd,xpgfuzz,edges,38,96.0
proftpd,xpgfuzz,edges,39,96.0
proftpd,xpgfuzz,edges,40,97.0
proftpd,xpgfuzz,edges,41,97.0
proftpd,xpgfuzz,edges,42,98.0
proftpd,xpgfuzz,edges,43,102.0
proftpd,xpgfuzz,edges,44,105.0
proftpd,xpgfuzz,edges,45,110.0
proftpd,xpgfuzz,edges,46,110.0
proftpd,xpgfuzz,edges,47,111.0
proftpd,xpgfuzz,edges,48,112.0
proftpd,xpgfuzz,edges,49,113.0
proftpd,xpgfuzz,edges,50,114.0
proftpd,xpgfuzz,edges,51,117.0
proftpd,xpgfuzz,edges,52,117.0
proftpd,xpgfuzz,edges,53,117.0
proftpd,xpgfuzz,edges,54,117.0
proftpd,xpgfuzz,edges,55,117.0
proftpd,xpgfuzz,edges,56,117.0
proftpd,xpgfuzz,edges,57,118.0
proftpd,xpgfuzz,edges,58,118.0
proftpd,xpgfuzz,edges,59,118.0
proftpd,xpgfuzz,edges,60,118.0
proftpd,xpgfuzz,edges,61,119.0
proftpd,xpgfuzz,edges,62,119.0
proftpd,xpgfuzz,edges,63,119.0
proftpd,xpgfuzz,edges,64,119.0
proftpd,xpgfuzz,edges,65,119.0
proftpd,xpgfuzz,edges,66,119.0
proftpd,xpgfuzz,edges,67,119.0
proftpd,xpgfuzz,edges,68,119.0
proftpd,xpgfuzz,edges,69,120.0
proftpd,xpgfuzz,edges,70,120.0
proftpd,xpgfuzz,edges,71,120.0
proftpd,xpgfuzz,edges,72,120.0
proftpd,xpgfuzz,edges,73,120.0
proftpd,xpgfuzz,edges,74,120.0
proftpd,xpgfuzz,edges,75,120.0
proftpd,xpgfuzz,edges,76,120.0
proftpd,xpgfuzz,edges,77,120.0
proftpd,xpgfuzz,edges,78,120.0
proftpd,xpgfuzz,edges,79,120.0
proftpd,xpgfuzz,edges,80,120.0
proftpd,xpgfuzz,edges,81,120.0
proftpd,xpgfuzz,edges,82,120.0
proftpd,xpgfuzz,edges,83,120.0
proftpd,xpgfuzz,edges,84,120.0
proftpd,xpgfuzz,edges,85,120.0
proftpd,xpgfuzz,edges,86,120.0
proftpd,xpgfuzz,edges,87,120.0
proftpd,xpgfuzz,edges,88,120.0
proftpd,xpgfuzz,edges,89,120.0
proftpd,xpgfuzz,edges,90,120.0
proftpd,xpgfuzz,edges,91,120.0
proftpd,xpgfuzz,edges,92,120.0
proftpd,xpgfuzz,edges,93,120.0
proftpd,xpgfuzz,edges,94,120.0
proftpd,xpgfuzz,edges,95,123.0
proftpd,xpgfuzz,edges,96,125.0
proftpd,xpgfuzz,edges,97,125.0
proftpd,xpgfuzz,edges,98,125.0
proftpd,xpgfuzz,edges,99,125.0
proftpd,xpgfuzz,edges,100,125.0
proftpd,xpgfuzz,edges,101,125.0
proftpd,xpgfuzz,edges,102,125.0
proftpd,xpgfuzz,edges,103,125.0
proftpd,xpgfuzz,edges,104,125.0
proftpd,xpgfuzz,edges,105,125.0
proftpd,xpgfuzz,edges,106,125.0
proftpd,xpgfuzz,edges,107,125.0
proftpd,xpgfuzz,edges,108,125.0
proftpd,xpgfuzz,edges,109,125.0
proftpd,xpgfuzz,edges,110,125.0
proftpd,xpgfuzz,edges,111,125.0
proftpd,xpgfuzz,edges,112,125.0
proftpd,xpgfuzz,edges,113,125.0
proftpd,xpgfuzz,edges,114,125.0
proftpd,xpgfuzz,edges,115,125.0
proftpd,xpgfuzz,edges,116,125.0
proftpd,xpgfuzz,edges,117,125.0
proftpd,xpgfuzz,edges,118,125.0
proftpd,xpgfuzz,edges,119,125.0
proftpd,xpgfuzz,edges,120,125.0
proftpd,xpgfuzz,edges,121,125.0
proftpd,xpgfuzz,edges,122,125.0
proftpd,xpgfuzz,edges,123,125.0
proftpd,xpgfuzz,edges,124,125.0
proftpd,xpgfuzz,edges,125,125.0
proftpd,xpgfuzz,edges,126,125.0
proftpd,xpgfuzz,edges,127,125.0
proftpd,xpgfuzz,edges,128,125.0
proftpd,xpgfuzz,edges,129,125.0
proftpd,xpgfuzz,edges,130,125.0
proftpd,xpgfuzz,edges,131,125.0
proftpd,xpgfuzz,edges,132,126.0
proftpd,xpgfuzz,edges,133,126.0
proftpd,xpgfuzz,edges,134,126.0
proftpd,xpgfuzz,edges,135,126.0
proftpd,xpgfuzz,edges,136,127.0
proftpd,xpgfuzz,edges,137,127.0
proftpd,xpgfuzz,edges,138,127.0
proftpd,xpgfuzz,edges,139,127.0
proftpd,xpgfuzz,edges,140,127.0
proftpd,xpgfuzz,edges,141,127.0
proftpd,xpgfuzz,edges,142,127.0
proftpd,xpgfuzz,edges,143,127.0
proftpd,xpgfuzz,edges,144,132.0
proftpd,xpgfuzz,edges,145,132.0
proftpd,xpgfuzz,edges,146,132.0
proftpd,xpgfuzz,edges,147,132.0
proftpd,xpgfuzz,edges,148,132.0
proftpd,xpgfuzz,edges,149,132.0
proftpd,xpgfuzz,edges,150,132.0
proftpd,xpgfuzz,edges,151,133.0
proftpd,xpgfuzz,edges,152,134.0
proftpd,xpgfuzz,edges,153,134.0
proftpd,xpgfuzz,edges,154,136.0
proftpd,xpgfuzz,edges,155,136.0
proftpd,xpgfuzz,edges,156,136.0
proftpd,xpgfuzz,edges,157,139.0
proftpd,xpgfuzz,edges,158,139.0
proftpd,xpgfuzz,edges,159,139.0
proftpd,xpgfuzz,edges,160,139.0
proftpd,xpgfuzz,edges,161,141.0
proftpd,xpgfuzz,edges,162,141.0
proftpd,xpgfuzz,edges,163,141.0
proftpd,xpgfuzz,edges,164,142.0
proftpd,xpgfuzz,edges,165,146.0
proftpd,xpgfuzz,edges,166,146.0
proftpd,xpgfuzz,edges,167,147.0
proftpd,xpgfuzz,edges,168,147.0
proftpd,xpgfuzz,edges,169,147.0
proftpd,xpgfuzz,edges,170,147.0
proftpd,xpgfuzz,edges,171,147.0
proftpd,xpgfuzz,edges,172,147.0
proftpd,xpgfuzz,edges,173,148.0
proftpd,xpgfuzz,edges,174,148.0
proftpd,xpgfuzz,edges,175,148.0
proftpd,xpgfuzz,edges,176,149.0
proftpd,xpgfuzz,edges,177,150.0
proftpd,xpgfuzz,edges,178,150.0
proftpd,xpgfuzz,edges,179,150.0
proftpd,xpgfuzz,edges,180,150.0
proftpd,xpgfuzz,edges,181,150.0
proftpd,xpgfuzz,edges,182,150.0
proftpd,xpgfuzz,edges,183,150.0
proftpd,xpgfuzz,edges,184,151.0
proftpd,xpgfuzz,edges,185,151.0
proftpd,xpgfuzz,edges,186,151.0
proftpd,xpgfuzz,edges,187,151.0
proftpd,xpgfuzz,edges,188,151.0
proftpd,xpgfuzz,edges,189,151.0
proftpd,xpgfuzz,edges,190,151.0
proftpd,xpgfuzz,edges,191,152.0
proftpd,xpgfuzz,edges,192,152.0
proftpd,xpgfuzz,edges,193,152.0
proftpd,xpgfuzz,edges,194,152.0
proftpd,xpgfuzz,edges,195,152.0
proftpd,xpgfuzz,edges,196,153.0
proftpd,xpgfuzz,edges,197,153.0
proftpd,xpgfuzz,edges,198,153.0
proftpd,xpgfuzz,edges,199,153.0
proftpd,xpgfuzz,edges,200,153.0
proftpd,xpgfuzz,edges,201,153.0
proftpd,xpgfuzz,edges,202,160.0
proftpd,xpgfuzz,edges,203,160.0
proftpd,xpgfuzz,edges,204,161.0
proftpd,xpgfuzz,edges,205,164.0
proftpd,xpgfuzz,edges,206,165.0
proftpd,xpgfuzz,edges,207,165.0
proftpd,xpgfuzz,edges,208,165.0
proftpd,xpgfuzz,edges,209,165.0
proftpd,xpgfuzz,edges,210,165.0
proftpd,xpgfuzz,edges,211,165.0
proftpd,xpgfuzz,edges,212,165.0
proftpd,xpgfuzz,edges,213,165.0
proftpd,xpgfuzz,edges,214,166.0
proftpd,xpgfuzz,edges,215,166.0
proftpd,xpgfuzz,edges,216,166.0
proftpd,xpgfuzz,edges,217,166.0
proftpd,xpgfuzz,edges,218,166.0
proftpd,xpgfuzz,edges,219,166.0
proftpd,xpgfuzz,edges,220,166.0
proftpd,xpgfuzz,edges,221,166.0
proftpd,xpgfuzz,edges,222,166.0
proftpd,xpgfuzz,edges,223,166.0
proftpd,xpgfuzz,edges,224,166.0
proftpd,xpgfuzz,edges,225,166.0
proftpd,xpgfuzz,edges,226,166.0
proftpd,xpgfuzz,edges,227,166.0
proftpd,xpgfuzz,edges,228,166.0
proftpd,xpgfuzz,edges,229,166.0
proftpd,xpgfuzz,edges,230,166.0
proftpd,xpgfuzz,edges,231,166.0
proftpd,xpgfuzz,edges,232,166.0
proftpd,xpgfuzz,edges,233,166.0
proftpd,xpgfuzz,edges,234,166.0
proftpd,xpgfuzz,edges,235,166.0
proftpd,xpgfuzz,edges,236,166.0
proftpd,xpgfuzz,edges,237,166.0
proftpd,xpgfuzz,edges,238,166.0
proftpd,xpgfuzz,edges,239,166.0
proftpd,xpgfuzz,edges,240,167.0
proftpd,xpgfuzz,edges,241,167.0
proftpd,xpgfuzz,edges,242,167.0
proftpd,xpgfuzz,edges,243,167.0
proftpd,xpgfuzz,edges,244,167.0
proftpd,xpgfuzz,edges,245,167.0
proftpd,xpgfuzz,edges,246,167.0
proftpd,xpgfuzz,edges,247,167.0
proftpd,xpgfuzz,edges,248,167.0
proftpd,xpgfuzz,edges,249,167.0
proftpd,xpgfuzz,edges,250,167.0
proftpd,xpgfuzz,edges,251,167.0
proftpd,xpgfuzz,edges,252,167.0
proftpd,xpgfuzz,edges,253,167.0
proftpd,xpgfuzz,edges,254,167.0
proftpd,xpgfuzz,edges,255,167.0
proftpd,xpgfuzz,edges,256,167.0
proftpd,xpgfuzz,edges,257,167.0
proftpd,xpgfuzz,edges,258,167.0
proftpd,xpgfuzz,edges,259,167.0
proftpd,xpgfuzz,edges,260,167.0
proftpd,xpgfuzz,edges,261,167.0
proftpd,xpgfuzz,edges,262,167.0
proftpd,xpgfuzz,edges,263,167.0
proftpd,xpgfuzz,edges,264,167.0
proftpd,xpgfuzz,edges,265,167.0
proftpd,xpgfuzz,edges,266,167.0
proftpd,xpgfuzz,edges,267,167.0
proftpd,xpgfuzz,edges,268,167.0
proftpd,xpgfuzz,edges,269,167.0
proftpd,xpgfuzz,edges,270,167.0
proftpd,xpgfuzz,edges,271,168.0
proftpd,xpgfuzz,edges,272,168.0
proftpd,xpgfuzz,edges,273,168.0
proftpd,xpgfuzz,edges,274,168.0
proftpd,xpgfuzz,edges,275,168.0
proftpd,xpgfuzz,edges,276,168.0
proftpd,xpgfuzz,edges,277,168.0
proftpd,xpgfuzz,edges,278,168.0
proftpd,xpgfuzz,edges,279,168.0
proftpd,xpgfuzz,edges,280,168.0
proftpd,xpgfuzz,edges,281,168.0
proftpd,xpgfuzz,edges,282,168.0
proftpd,xpgfuzz,edges,283,169.0
proftpd,xpgfuzz,edges,284,169.0
proftpd,xpgfuzz,edges,285,169.0
proftpd,xpgfuzz,edges,286,169.0
proftpd,xpgfuzz,edges,287,169.0
proftpd,xpgfuzz,edges,288,169.0
proftpd,xpgfuzz,edges,289,169.0
proftpd,xpgfuzz,edges,290,169.0
proftpd,xpgfuzz,edges,291,169.0
proftpd,xpgfuzz,edges,292,169.0
proftpd,xpgfuzz,edges,293,169.0
proftpd,xpgfuzz,edges,294,169.0
proftpd,xpgfuzz,edges,295,169.0
proftpd,xpgfuzz,edges,296,169.0
proftpd,xpgfuzz,edges,297,169.0
proftpd,xpgfuzz,edges,298,169.0
proftpd,xpgfuzz,edges,299,169.0
proftpd,xpgfuzz,edges,300,169.0
proftpd,xpgfuzz,edges,301,169.0
proftpd,xpgfuzz,edges,302,169.0
proftpd,xpgfuzz,edges,303,169.0
proftpd,xpgfuzz,edges,304,169.0
proftpd,xpgfuzz,edges,305,169.0
proftpd,xpgfuzz,edges,306,169.0
proftpd,xpgfuzz,edges,307,169.0
proftpd,xpgfuzz,edges,308,169.0
proftpd,xpgfuzz,edges,309,169.0
proftpd,xpgfuzz,edges,310,169.0
proftpd,xpgfuzz,edges,311,169.0
proftpd,xpgfuzz,edges,312,169.0
proftpd,xpgfuzz,edges,313,169.0
proftpd,xpgfuzz,edges,314,172.0
proftpd,xpgfuzz,edges,315,172.0
proftpd,xpgfuzz,edges,316,172.0
proftpd,xpgfuzz,edges,317,172.0
proftpd,xpgfuzz,edges,318,172.0
proftpd,xpgfuzz,edges,319,172.0
proftpd,xpgfuzz,edges,320,172.0
proftpd,xpgfuzz,edges,321,172.0
proftpd,xpgfuzz,edges,322,172.0
proftpd,xpgfuzz,edges,323,172.0
proftpd,xpgfuzz,edges,324,172.0
proftpd,xpgfuzz,edges,325,172.0
proftpd,xpgfuzz,edges,326,172.0
proftpd,xpgfuzz,edges,327,172.0
proftpd,xpgfuzz,edges,328,172.0
proftpd,xpgfuzz,edges,329,172.0
proftpd,xpgfuzz,edges,330,172.0
proftpd,xpgfuzz,edges,331,172.0
proftpd,xpgfuzz,edges,332,172.0
proftpd,xpgfuzz,edges,333,172.0
proftpd,xpgfuzz,edges,334,172.0
proftpd,xpgfuzz,edges,335,172.0
proftpd,xpgfuzz,edges,336,172.0
proftpd,xpgfuzz,edges,337,172.0
proftpd,xpgfuzz,edges,338,172.0
proftpd,xpgfuzz,edges,339,172.0
proftpd,xpgfuzz,edges,340,172.0
proftpd,xpgfuzz,edges,341,172.0
proftpd,xpgfuzz,edges,342,172.0
proftpd,xpgfuzz,edges,343,172.0
proftpd,xpgfuzz,edges,344,172.0
proftpd,xpgfuzz,edges,345,172.0
proftpd,xpgfuzz,edges,346,172.0
proftpd,xpgfuzz,edges,347,172.0
proftpd,xpgfuzz,edges,348,172.0
proftpd,xpgfuzz,edges,349,172.0
proftpd,xpgfuzz,edges,350,172.0
proftpd,xpgfuzz,edges,351,172.0
proftpd,xpgfuzz,edges,352,172.0
proftpd,xpgfuzz,edges,353,172.0
proftpd,xpgfuzz,edges,354,172.0
proftpd,xpgfuzz,edges,355,172.0
proftpd,xpgfuzz,edges,356,172.0
proftpd,xpgfuzz,edges,357,172.0
proftpd,xpgfuzz,edges,358,172.0
proftpd,xpgfuzz,edges,359,172.0
proftpd,xpgfuzz,edges,360,172.0
proftpd,xpgfuzz,edges,361,172.0
proftpd,xpgfuzz,edges,362,172.0
proftpd,xpgfuzz,edges,363,172.0
proftpd,xpgfuzz,edges,364,172.0
proftpd,xpgfuzz,edges,365,172.0
proftpd,xpgfuzz,edges,366,172.0
proftpd,xpgfuzz,edges,367,172.0
proftpd,xpgfuzz,edges,368,172.0
proftpd,xpgfuzz,edges,369,172.0
proftpd,xpgfuzz,edges,370,172.0
proftpd,xpgfuzz,edges,371,172.0
proftpd,xpgfuzz,edges,372,172.0
proftpd,xpgfuzz,edges,373,172.0
proftpd,xpgfuzz,edges,374,172.0
proftpd,xpgfuzz,edges,375,172.0
proftpd,xpgfuzz,edges,376,172.0
proftpd,xpgfuzz,edges,377,172.0
proftpd,xpgfuzz,edges,378,172.0
proftpd,xpgfuzz,edges,379,172.0
proftpd,xpgfuzz,edges,380,172.0
proftpd,xpgfuzz,edges,381,172.0
proftpd,xpgfuzz,edges,382,172.0
proftpd,xpgfuzz,edges,383,173.0
proftpd,xpgfuzz,edges,384,173.0
proftpd,xpgfuzz,edges,385,174.0
proftpd,xpgfuzz,edges,386,174.0
proftpd,xpgfuzz,edges,387,174.0
proftpd,xpgfuzz,edges,388,174.0
proftpd,xpgfuzz,edges,389,174.0
proftpd,xpgfuzz,edges,390,174.0
proftpd,xpgfuzz,edges,391,174.0
proftpd,xpgfuzz,edges,392,174.0
proftpd,xpgfuzz,edges,393,174.0
proftpd,xpgfuzz,edges,394,175.0
proftpd,xpgfuzz,edges,395,175.0
proftpd,xpgfuzz,edges,396,175.0
proftpd,xpgfuzz,edges,397,175.0
proftpd,xpgfuzz,edges,398,175.0
proftpd,xpgfuzz,edges,399,175.0
proftpd,xpgfuzz,edges,400,175.0
proftpd,xpgfuzz,edges,401,175.0
proftpd,xpgfuzz,edges,402,175.0
proftpd,xpgfuzz,edges,403,175.0
proftpd,xpgfuzz,edges,404,175.0
proftpd,xpgfuzz,edges,405,175.0
proftpd,xpgfuzz,edges,406,175.0
proftpd,xpgfuzz,edges,407,175.0
proftpd,xpgfuzz,edges,408,175.0
proftpd,xpgfuzz,edges,409,175.0
proftpd,xpgfuzz,edges,410,175.0
proftpd,xpgfuzz,edges,411,175.0
proftpd,xpgfuzz,edges,412,175.0
proftpd,xpgfuzz,edges,413,175.0
proftpd,xpgfuzz,edges,414,175.0
proftpd,xpgfuzz,edges,415,175.0
proftpd,xpgfuzz,edges,416,175.0
proftpd,xpgfuzz,edges,417,175.0
proftpd,xpgfuzz,edges,418,175.0
proftpd,xpgfuzz,edges,419,175.0
proftpd,xpgfuzz,edges,420,175.0
proftpd,xpgfuzz,edges,421,175.0
proftpd,xpgfuzz,edges,422,175.0
proftpd,xpgfuzz,edges,423,175.0
proftpd,xpgfuzz,edges,424,175.0
proftpd,xpgfuzz,edges,425,175.0
proftpd,xpgfuzz,edges,426,175.0
proftpd,xpgfuzz,edges,427,175.0
proftpd,xpgfuzz,edges,428,175.0
proftpd,xpgfuzz,edges,429,175.0
proftpd,xpgfuzz,edges,430,175.0
proftpd,xpgfuzz,edges,431,175.0
proftpd,xpgfuzz,edges,432,175.0
proftpd,xpgfuzz,edges,433,175.0
proftpd,xpgfuzz,edges,434,175.0
proftpd,xpgfuzz,edges,435,175.0
proftpd,xpgfuzz,edges,436,175.0
proftpd,xpgfuzz,edges,437,175.0
proftpd,xpgfuzz,edges,438,175.0
proftpd,xpgfuzz,edges,439,175.0
proftpd,xpgfuzz,edges,440,175.0
proftpd,xpgfuzz,edges,441,175.0
proftpd,xpgfuzz,edges,442,175.0
proftpd,xpgfuzz,edges,443,175.0
proftpd,xpgfuzz,edges,444,175.0
proftpd,xpgfuzz,edges,445,175.0
proftpd,xpgfuzz,edges,446,175.0
proftpd,xpgfuzz,edges,447,175.0
proftpd,xpgfuzz,edges,448,175.0
proftpd,xpgfuzz,edges,449,175.0
proftpd,xpgfuzz,edges,450,175.0
proftpd,xpgfuzz,edges,451,175.0
proftpd,xpgfuzz,edges,452,175.0
proftpd,xpgfuzz,edges,453,175.0
proftpd,xpgfuzz,edges,454,175.0
proftpd,xpgfuzz,edges,455,175.0
proftpd,xpgfuzz,edges,456,175.0
proftpd,xpgfuzz,edges,457,175.0
proftpd,xpgfuzz,edges,458,175.0
proftpd,xpgfuzz,edges,459,175.0
proftpd,xpgfuzz,edges,460,175.0
proftpd,xpgfuzz,edges,461,175.0
proftpd,xpgfuzz,edges,462,175.0
proftpd,xpgfuzz,edges,463,175.0
proftpd,xpgfuzz,edges,464,175.0
proftpd,xpgfuzz,edges,465,175.0
proftpd,xpgfuzz,edges,466,175.0
proftpd,xpgfuzz,edges,467,175.0
proftpd,xpgfuzz,edges,468,175.0
proftpd,xpgfuzz,edges,469,175.0
proftpd,xpgfuzz,edges,470,175.0
proftpd,xpgfuzz,edges,471,175.0
proftpd,xpgfuzz,edges,472,180.0
proftpd,xpgfuzz,edges,473,181.0
proftpd,xpgfuzz,edges,474,181.0
proftpd,xpgfuzz,edges,475,181.0
proftpd,xpgfuzz,edges,476,181.0
proftpd,xpgfuzz,edges,477,181.0
proftpd,xpgfuzz,edges,478,181.0
proftpd,xpgfuzz,edges,479,181.0
proftpd,xpgfuzz,edges,480,181.0
